-- phpMyAdmin SQL Dump
-- version 5.2.1
-- https://www.phpmyadmin.net/
--
-- Host: 127.0.0.1
-- Generation Time: Oct 20, 2024 at 11:55 AM
-- Server version: 10.4.32-MariaDB
-- PHP Version: 8.2.12

SET SQL_MODE = "NO_AUTO_VALUE_ON_ZERO";
START TRANSACTION;
SET time_zone = "+00:00";


/*!40101 SET @OLD_CHARACTER_SET_CLIENT=@@CHARACTER_SET_CLIENT */;
/*!40101 SET @OLD_CHARACTER_SET_RESULTS=@@CHARACTER_SET_RESULTS */;
/*!40101 SET @OLD_COLLATION_CONNECTION=@@COLLATION_CONNECTION */;
/*!40101 SET NAMES utf8mb4 */;

--
-- Database: `testinv`
--

-- --------------------------------------------------------

--
-- Table structure for table `article`
--

CREATE TABLE `article` (
  `id` int(10) UNSIGNED NOT NULL,
  `name` varchar(255) NOT NULL,
  `unite` varchar(255) DEFAULT NULL,
  `description` varchar(255) DEFAULT NULL,
  `remarque` varchar(255) DEFAULT NULL,
  `id_category` int(10) UNSIGNED DEFAULT NULL,
  `last_edited` datetime DEFAULT current_timestamp() ON UPDATE current_timestamp()
) ENGINE=InnoDB DEFAULT CHARSET=utf8mb4 COLLATE=utf8mb4_general_ci;

--
-- Dumping data for table `article`
--

INSERT INTO `article` (`id`, `name`, `unite`, `description`, `remarque`, `id_category`, `last_edited`) VALUES
(240, 'TERMINAL POUR CAMERA DE SURVEILLANCE', 'piece', 'yyy', 'test', 3, '2024-10-18 15:49:44'),
(241, 'APPREIL TELEPHONIQUE ENTC', 'piece', 'A', 'NULL', 2, '2024-10-18 15:28:01'),
(243, 'ARMOIRE POUR CLEF EN BOIS', 'piece', 'E', 'NULL', 2, '2024-10-18 15:28:01'),
(244, 'BUREAU METALIQUE', 'piece', 'E', 'NULL', 2, '2024-10-18 15:28:01'),
(246, 'BUREAU DE SERVICE', 'piece', 'E', 'NULL', 2, '2024-10-18 15:28:01'),
(248, 'ARMOIRE 01 ELEMENT EN BOIS', 'piece', 'E', 'NULL', 2, '2024-10-18 15:28:01'),
(249, 'APPAREI TELEPHONIQUE', 'piece', 'E', 'NULL', 2, '2024-10-18 15:28:01'),
(250, 'PORTE-MONTEAU METALIQUE', 'piece', 'E', 'NULL', 2, '2024-10-18 15:28:01'),
(251, 'FONTAINE FRAICHE', 'piece', 'E', 'NULL', 2, '2024-10-18 15:28:01'),
(252, 'VIDEO DE SURVEILLANCE SANYO', 'piece', 'E', 'NULL', 2, '2024-10-18 15:28:01'),
(253, 'ECRAN DE SURVEILLANCE', 'piece', 'E', 'NULL', 2, '2024-10-18 15:28:01'),
(254, 'ARMOIRE EN BOIS DE 06 PORTES', 'piece', 'E', 'NULL', 2, '2024-10-18 15:28:01'),
(255, 'ARMOIRE MURALE EN BOIS POUR CLEFS', 'piece', 'E', 'NULL', 2, '2024-10-18 15:28:01'),
(256, 'LAMPE RECHARGEABLE', 'piece', '51', 're', 1, '2024-10-18 17:04:15'),
(257, 'CHAISE VISITEUR', 'piece', 'E', 'NULL', 2, '2024-10-18 15:28:01'),
(258, 'MICRO-ORDINATEUR MULTI-MEDIA', 'piece', 'E', 'NULL', 2, '2024-10-18 15:28:01'),
(259, 'IMPRIMANTE LQ 2070', 'piece', 'E', 'NULL', 2, '2024-10-18 15:28:01'),
(260, 'TALKABOUT', 'piece', 'E', 'NULL', 2, '2024-10-18 15:28:01'),
(261, 'BUREAU EN BOIS', 'piece', 'E', 'NULL', 2, '2024-10-18 15:28:01'),
(262, 'BIBLIOTHEQUE 02 ELEMENTS', 'piece', 'E', 'NULL', 2, '2024-10-18 15:28:01'),
(263, 'PORTE-MONTEAU EN BOIS', 'piece', 'E', 'NULL', 2, '2024-10-18 15:28:01'),
(264, 'CHAISE AVEC ACCOUDOIR EN BOIS', 'piece', 'E', 'NULL', 2, '2024-10-18 15:28:01'),
(265, 'ARMOIRE BASSE', 'piece', 'E', 'NULL', 2, '2024-10-18 15:28:01'),
(266, 'TABLE INFORMATIQUE', 'piece', 'E', 'NULL', 2, '2024-10-18 15:28:01'),
(267, 'MICRO MULTIMEDIA (montage)', 'piece', 'E', 'NULL', 2, '2024-10-18 15:28:01'),
(268, 'IMPRIMANTE EPSON LQ 2070', 'piece', 'E', 'NULL', 2, '2024-10-18 15:28:01'),
(269, 'BUREAU EN BOIS TROIS TIROIRES', 'piece', 'E', 'NULL', 2, '2024-10-18 15:28:01'),
(270, 'CHAISE EN BOIS AVEC ACCOIDOIR', 'piece', 'E', 'NULL', 2, '2024-10-18 15:28:01'),
(271, 'CHAISE EN BOIS POUR ELEVE', 'piece', 'E', 'NULL', 2, '2024-10-18 15:28:01'),
(272, 'ELEMENT A ETAGER', 'piece', 'E', 'NULL', 2, '2024-10-18 15:28:01'),
(273, 'BAIN D’HUILE 12 ELEMENTS PHILIPS', 'piece', 'E', 'NULL', 2, '2024-10-18 15:28:01'),
(274, 'MICRO-ORDINATEUR ACER', 'piece', 'E', 'NULL', 2, '2024-10-18 15:28:01'),
(275, 'COFFRE-FORT', 'piece', 'E', 'NULL', 2, '2024-10-18 15:28:01'),
(276, 'BUREAU DE SERVICE AVEC RETOUR', 'piece', 'E', 'NULL', 2, '2024-10-18 15:28:01'),
(277, 'BIBLIOTHEQUE TROIS ELEMENTS', 'piece', 'E', 'NULL', 2, '2024-10-18 15:28:01'),
(278, 'SALLON 05 PLACES 03 PCS.', 'piece', 'E', 'NULL', 2, '2024-10-18 15:28:01'),
(279, 'CHAISE EN BOIS', 'piece', 'E', 'NULL', 2, '2024-10-18 15:28:01'),
(280, 'TABLE BASSE SCULPTEE', 'piece', 'E', 'NULL', 2, '2024-10-18 15:28:01'),
(281, 'CLIMATISEUR ENIEM', 'piece', 'E', 'NULL', 2, '2024-10-18 15:28:01'),
(282, 'FAUTEUIL PDG', 'piece', 'E', 'NULL', 2, '2024-10-18 15:28:01'),
(283, 'CAISSON EN METAL 10 CAISSES', 'piece', 'E', 'NULL', 2, '2024-10-18 15:28:01'),
(284, 'COFFRE FORT 60CM', 'piece', 'E', 'NULL', 2, '2024-10-18 15:28:01'),
(285, 'ARMOIRE EN METAL POUR CLEFS', 'piece', 'E', 'NULL', 2, '2024-10-18 15:28:01'),
(286, 'TABLE POUR PHOTOCOPIEUSE', 'piece', 'E', 'NULL', 2, '2024-10-18 15:28:01'),
(287, 'PHOTOCOPIEUSE MITA 1455', 'piece', 'E', 'NULL', 2, '2024-10-18 15:28:01'),
(288, 'DECHICTEUR DE PAPIER PANASONIC', 'piece', 'E', 'NULL', 2, '2024-10-18 15:28:01'),
(289, 'APPAREIL TELEPHONIQUE ALCATEL', 'piece', 'E', 'NULL', 2, '2024-10-18 15:28:01'),
(290, 'FANION', 'piece', 'E', 'NULL', 2, '2024-10-18 15:28:01'),
(291, 'MICRO-ORDINATEUR IBM. P04', 'piece', 'E', 'NULL', 2, '2024-10-18 15:28:01'),
(292, 'BUREAU EN BOIS DE SERVICE', 'piece', 'E', 'NULL', 2, '2024-10-18 15:28:01'),
(293, 'ARMOIRE BASSE EN BOIS', 'piece', 'E', 'NULL', 2, '2024-10-18 15:28:01'),
(294, 'ELEMENT A ETAGERE EN BOIS', 'piece', 'E', 'NULL', 2, '2024-10-18 15:28:01'),
(295, 'CHAISE EN BOIS AVEC ACCOUDOIR', 'piece', 'E', 'NULL', 2, '2024-10-18 15:28:01'),
(296, 'APPAREIL TELEPHONIQUE ENTC', 'piece', 'E', 'NULL', 2, '2024-10-18 15:28:01'),
(297, 'ARMOIRE FORTE', 'piece', 'E', 'NULL', 2, '2024-10-18 15:28:01'),
(298, 'ARMOIRE EN METAL', 'piece', 'E', 'NULL', 2, '2024-10-18 15:28:01'),
(299, 'CHAISE DALLE', 'piece', 'E', 'NULL', 2, '2024-10-18 15:28:01'),
(300, 'MICRO-ORDINATEUR MULTIMEDIA ZENITH', 'piece', 'E', 'NULL', 2, '2024-10-18 15:28:01'),
(301, 'CHAISE SIMPLE EN BOIS', 'piece', 'E', 'NULL', 2, '2024-10-18 15:28:01'),
(302, 'CALCULATRICE OLIVETTI', 'piece', 'E', 'NULL', 2, '2024-10-18 15:28:01'),
(303, 'BAC A FICHE EN METAL', 'piece', 'E', 'NULL', 2, '2024-10-18 15:28:01'),
(304, 'CALCULATRICE MODEL 1006 IBICO', 'piece', 'E', 'NULL', 2, '2024-10-18 15:28:01'),
(305, 'BIBLIOTHEQUE 01 ELEMENT', 'piece', 'E', 'NULL', 2, '2024-10-18 15:28:01'),
(306, 'CAISSON DE 05 CAISSES EN METAL', 'piece', 'E', 'NULL', 2, '2024-10-18 15:28:01'),
(307, 'MICRO-ORDINATEUR MULTIMEDIA', 'piece', 'E', 'NULL', 2, '2024-10-18 15:28:01'),
(308, 'BAIN D’HUILE 12 ELEMENTS', 'piece', 'E', 'NULL', 2, '2024-10-18 15:28:01'),
(309, 'PORTE-MONTEAU EN METAL', 'piece', 'E', 'NULL', 2, '2024-10-18 15:28:01'),
(310, 'MACHINE A CALCULER CITIZEN CX123A', 'piece', 'E', 'NULL', 2, '2024-10-18 15:28:01'),
(311, 'MACHINE A CALCULER FLAMINGO', 'piece', 'E', 'NULL', 2, '2024-10-18 15:28:01'),
(312, 'ONDULEUR', 'piece', 'E', 'NULL', 2, '2024-10-18 15:28:01'),
(313, 'APC', 'piece', 'E', 'NULL', 2, '2024-10-18 15:28:01'),
(314, 'BUREAU ROND EN METAL', 'piece', 'E', 'NULL', 2, '2024-10-18 15:28:01'),
(315, 'CAISSON 10 ETAGERES', 'piece', 'E', 'NULL', 2, '2024-10-18 15:28:01'),
(316, 'BIBLIOTHEQUE 01 ELEMENTS', 'piece', 'E', 'NULL', 2, '2024-10-18 15:28:01'),
(317, 'APPAREIL TELEPHONIQUE', 'piece', 'E', 'NULL', 2, '2024-10-18 15:28:01'),
(318, 'ARMOIRE FORTE EN METAL', 'piece', 'E', 'NULL', 2, '2024-10-18 15:28:01'),
(319, 'TABLE TELEPHONIQUE', 'piece', 'E', 'NULL', 2, '2024-10-18 15:28:01'),
(320, 'CALCULATRICE', 'piece', 'E', 'NULL', 2, '2024-10-18 15:28:01'),
(321, 'MICRO-ORDINATEUR MULTIMEDIA IBM. P04', 'piece', 'E', 'NULL', 2, '2024-10-18 15:28:01'),
(322, 'IMPRIMANTE COULEUR LEXMARC Z23', 'piece', 'E', 'NULL', 2, '2024-10-18 15:28:01'),
(323, 'IMPRIMANTE EPSOM LQ2070', 'piece', 'E', 'NULL', 2, '2024-10-18 15:28:01'),
(324, 'CAISSON DE 10 CAISSES EN METAL', 'piece', 'E', 'NULL', 2, '2024-10-18 15:28:01'),
(325, 'ETAUX', 'piece', 'E', 'NULL', 2, '2024-10-18 15:28:01'),
(326, 'CHAISE VISITEUR CHROMEE', 'piece', 'E', 'NULL', 2, '2024-10-18 15:28:01'),
(327, 'PHOTOCOPIEUSE MITA 1560', 'piece', 'E', 'NULL', 2, '2024-10-18 15:28:01'),
(328, 'FAUTEUILLE 06 PLACES', 'piece', 'E', 'NULL', 2, '2024-10-18 15:28:01'),
(329, 'MICRO-ORDINATEUR M/LG', 'piece', 'E', 'NULL', 2, '2024-10-18 15:28:01'),
(330, 'ELEMENT EN BOIS', 'piece', 'E', 'NULL', 2, '2024-10-18 15:28:01'),
(331, 'ARMOIRE EN BOIS A ELEMENT', 'piece', 'E', 'NULL', 2, '2024-10-18 15:28:01'),
(332, 'CHAISE POUR MICRO.', 'piece', 'E', 'NULL', 2, '2024-10-18 15:28:01'),
(333, 'CLIMATISEUR CONDOR 9 BTU', 'piece', 'E', 'NULL', 2, '2024-10-18 15:28:01'),
(334, 'RALLONGE A FUSIBLE', 'piece', 'E', 'NULL', 2, '2024-10-18 15:28:01'),
(335, 'MICRO-ORDINATEUR', 'piece', 'E', 'NULL', 2, '2024-10-18 15:28:01'),
(336, 'PRISE APC', 'piece', 'E', 'NULL', 2, '2024-10-18 15:28:01'),
(337, 'MACHINE A ECRIR OLIVETTI EN ARABE', 'piece', 'E', 'NULL', 2, '2024-10-18 15:28:01'),
(338, 'TABLEAU D’AFFICHAGE EN BOIS', 'piece', 'E', 'NULL', 2, '2024-10-18 15:28:01'),
(339, 'CHAISE ACCOUDOIR', 'piece', 'E', 'NULL', 2, '2024-10-18 15:28:01'),
(340, 'VENTILLATEUR PLAFONNIER', 'piece', 'E', 'NULL', 2, '2024-10-18 15:28:01'),
(341, 'COMMODE POUR DOCUMENTS 02 PORTES', 'piece', 'E', 'NULL', 2, '2024-10-18 15:28:01'),
(342, 'SALLON DE 05 PLACES', 'piece', 'E', 'NULL', 2, '2024-10-18 15:28:01'),
(343, 'IMPRIMANTE CANON L LBP 1120', 'piece', 'E', 'NULL', 2, '2024-10-18 15:28:01'),
(344, 'TABLE BASSE EN BOIS', 'piece', 'E', 'NULL', 2, '2024-10-18 15:28:01'),
(345, 'CLASSEUR EN BOIS', 'piece', 'E', 'NULL', 2, '2024-10-18 15:28:01'),
(346, 'BUREAU EN BOIS AVEC RETOUR', 'piece', 'E', 'NULL', 2, '2024-10-18 15:28:01'),
(347, 'BIBLIOTHEQUE 03 ELEMENTS', 'piece', 'E', 'NULL', 2, '2024-10-18 15:28:01'),
(348, 'FAUTEUIL P.D.G.', 'piece', 'E', 'NULL', 2, '2024-10-18 15:28:01'),
(349, 'SALON 02 PCS', 'piece', 'E', 'NULL', 2, '2024-10-18 15:28:01'),
(350, 'BUREAU SOUS DIRECTEUR AVEC RETOUR FIXE', 'piece', 'E', 'NULL', 2, '2024-10-18 15:28:01'),
(351, 'SIEGE DE FAUTEUIL', 'piece', 'E', 'NULL', 2, '2024-10-18 15:28:01'),
(352, 'SALON 03 PCS. DE 05 PLACES', 'piece', 'E', 'NULL', 2, '2024-10-18 15:28:01'),
(353, 'CLIMATISEUR COOLINE', 'piece', 'E', 'NULL', 2, '2024-10-18 15:28:01'),
(354, 'MICRO-ORDINATEUR MULTIMEDIA HP.', 'piece', 'E', 'NULL', 2, '2024-10-18 15:28:01'),
(355, 'DRAPEAU SUR SOCLE', 'piece', 'E', 'NULL', 2, '2024-10-18 15:28:01'),
(356, 'IMPRIMANTE LEXMARQ EN COULEUR', 'piece', 'E', 'NULL', 2, '2024-10-18 15:28:01'),
(357, 'PRISE DE COURANT ELECTRIQUE', 'piece', 'E', 'NULL', 2, '2024-10-18 15:28:01'),
(358, 'HUB POUR RESEAU INTRANET', 'piece', 'E', 'NULL', 2, '2024-10-18 15:28:01'),
(359, 'DESTRICTEUR DE PAPIER', 'piece', 'E', 'NULL', 2, '2024-10-18 15:28:01'),
(360, 'CHAISE DALLE ROULANTE', 'piece', 'E', 'NULL', 2, '2024-10-18 15:28:01'),
(361, 'TABLE INFORMATIQUE EN BOIS', 'piece', 'E', 'NULL', 2, '2024-10-18 15:28:01'),
(362, 'MODEM POUR RESEAU INTERNET', 'piece', 'E', 'NULL', 2, '2024-10-18 15:28:01'),
(363, 'ECRAN TELEVISEUR POUR CAMERA EXT.SONY', 'piece', 'E', 'NULL', 2, '2024-10-18 15:28:01'),
(366, 'PORTRAIT DU PRESIDENT DE LA R.A.D.P', 'piece', 'E', 'NULL', 2, '2024-10-18 15:28:01'),
(367, 'BIBLIOTHEQUE 01 ELEMENT VITREE', 'piece', 'E', 'NULL', 2, '2024-10-18 15:28:01'),
(368, 'APPAREIL TELEPHONIQUE OPUS', 'piece', 'E', 'NULL', 2, '2024-10-18 15:28:01'),
(369, 'MICRO-ORDINATEUR MULTIMEDIA IBM.P.04', 'piece', 'E', 'NULL', 2, '2024-10-18 15:28:01'),
(370, 'IMPRIMANTE LAZER CANNON', 'piece', 'E', 'NULL', 2, '2024-10-18 15:28:01'),
(371, 'ONDULEUR MGE', 'piece', 'E', 'NULL', 2, '2024-10-18 15:28:01'),
(372, 'GROUPPEUR DE 06 DOSSIERS', 'piece', 'E', 'NULL', 2, '2024-10-18 15:28:01'),
(373, 'CHAISE SECRETAIRE', 'piece', 'E', 'NULL', 2, '2024-10-18 15:28:01'),
(374, 'BAIN D’HUILE', 'piece', 'E', 'NULL', 2, '2024-10-18 15:28:01'),
(375, 'PHOTOCOPIEUSE PANASONIC 1510', 'piece', 'E', 'NULL', 2, '2024-10-18 15:28:01'),
(376, 'ARMOIRE BASSE 02 P', 'piece', 'E', 'NULL', 2, '2024-10-18 15:28:01'),
(377, 'TABLE BASSE', 'piece', 'E', 'NULL', 2, '2024-10-18 15:28:01'),
(378, 'CHAISE P.D.G.', 'piece', 'E', 'NULL', 2, '2024-10-18 15:28:01'),
(379, 'SALON 05 PLACES', 'piece', 'E', 'NULL', 2, '2024-10-18 15:28:01'),
(380, 'DECHIQUETEUR DE PAPIER', 'piece', 'E', 'NULL', 2, '2024-10-18 15:28:01'),
(381, 'MICRO-ORDINATEUR MULTIMEDIA IBM. P.04', 'piece', 'E', 'NULL', 2, '2024-10-18 15:28:01'),
(382, 'IMPRIMANTE EPSON LQ2070', 'piece', 'E', 'NULL', 2, '2024-10-18 15:28:01'),
(383, 'GROUPPEUR DE DOSSIER', 'piece', 'E', 'NULL', 2, '2024-10-18 15:28:01'),
(384, 'BUREAU EN BOIS DE 06 TIROIRS', 'piece', 'E', 'NULL', 2, '2024-10-18 15:28:01'),
(385, 'MICRO-ORDINATEUR ZENITH MULTIMEDIA', 'piece', 'E', 'NULL', 2, '2024-10-18 15:28:01'),
(386, 'CHAISE ROULANTE DALLE', 'piece', 'E', 'NULL', 2, '2024-10-18 15:28:01'),
(387, 'M-ORDINATEUR MULTIMEDIAIBMP04+P03', 'piece', 'E', 'NULL', 2, '2024-10-18 15:28:01'),
(388, 'M-ORDINATEUR MULTIMEDIAIBMP04+P04', 'piece', 'E', 'NULL', 2, '2024-10-18 15:28:01'),
(389, 'M-ORDINATEUR MULTIMEDIAIBMP04+P05', 'piece', 'E', 'NULL', 2, '2024-10-18 15:28:01'),
(390, 'IMPRIMANTE CANON LBP2900', 'piece', 'E', 'NULL', 2, '2024-10-18 15:28:01'),
(391, 'MACHINE A CALCULER OLIVETTI', 'piece', 'E', 'NULL', 2, '2024-10-18 15:28:01'),
(392, 'MACHINE A ECRIRE OLIVETTI FRANÇAIS', 'piece', 'E', 'NULL', 2, '2024-10-18 15:28:01'),
(393, 'MACHINE A ECRIRE OLIVETTI ARABE', 'piece', 'E', 'NULL', 2, '2024-10-18 15:28:01'),
(394, 'TABLE BASSE ETAGERES', 'piece', 'E', 'NULL', 2, '2024-10-18 15:28:01'),
(395, 'BUREAU DE SERVICE EN BOIS', 'piece', 'E', 'NULL', 2, '2024-10-18 15:28:01'),
(396, 'BIBLIOTHEQUE 03 ELEMENT GM', 'piece', 'E', 'NULL', 2, '2024-10-18 15:28:01'),
(397, 'BIBLIOTHEQUE 02 ELEMENTS PM', 'piece', 'E', 'NULL', 2, '2024-10-18 15:28:01'),
(398, 'APPAREIL TELEPHONIQUE PANASONIQUE', 'piece', 'E', 'NULL', 2, '2024-10-18 15:28:01'),
(399, 'IMPRIMANTE CANON', 'piece', 'E', 'NULL', 2, '2024-10-18 15:28:01'),
(400, 'CAISSON EN BOIS DE 04 TIROIRS', 'piece', 'E', 'NULL', 2, '2024-10-18 15:28:01'),
(401, 'PORTE MONTEAU EN BOIS', 'piece', 'E', 'NULL', 2, '2024-10-18 15:28:01'),
(402, 'URNE DE VOTE', 'piece', 'E', 'NULL', 2, '2024-10-18 15:28:01'),
(403, 'BAIN D’HUILE PHILIPS 12 ELEMENTS', 'piece', 'E', 'NULL', 2, '2024-10-18 15:28:01'),
(404, 'MASSICOT IDEAL 3905', 'piece', 'E', 'NULL', 2, '2024-10-18 15:28:01'),
(405, 'MASSICOT PM SANS STAND', 'piece', 'E', 'NULL', 2, '2024-10-18 15:28:01'),
(406, 'RELIEUSE IBECO A.G.', 'piece', 'E', 'NULL', 2, '2024-10-18 15:28:01'),
(407, 'PHOTOCOPIEUSE MITA 6500', 'piece', 'E', 'NULL', 2, '2024-10-18 15:28:01'),
(408, 'PERFORATEUR', 'piece', 'E', 'NULL', 2, '2024-10-18 15:28:01'),
(409, 'CAISSON 02 PORTES', 'piece', 'E', 'NULL', 2, '2024-10-18 15:28:01'),
(410, 'BUREAU EN METAL', 'piece', 'E', 'NULL', 2, '2024-10-18 15:28:01'),
(411, 'PHOTOCOPIEUSE RICOH 551', 'piece', 'E', 'NULL', 2, '2024-10-18 15:28:01'),
(412, 'DUPLO RISO RP 3105EP', 'piece', 'E', 'NULL', 2, '2024-10-18 15:28:01'),
(413, 'DUPLO DP 21S', 'piece', 'E', 'NULL', 2, '2024-10-18 15:28:01'),
(414, 'AGRAFEUSE NOVUS B/54/3', 'piece', 'E', 'NULL', 2, '2024-10-18 15:28:01'),
(415, 'AGRAFEUSE KW TRIO', 'piece', 'E', 'NULL', 2, '2024-10-18 15:28:01'),
(416, 'PHOTOCOPIEUSE OCE 3045', 'piece', 'E', 'NULL', 2, '2024-10-18 15:28:01'),
(417, 'STABILISATEUR 3000VBA VSV+P', 'piece', 'E', 'NULL', 2, '2024-10-18 15:28:01'),
(418, 'CLIMATISEUR PANASONIC', 'piece', 'E', 'NULL', 2, '2024-10-18 15:28:01'),
(419, 'TABLE EN BOIS', 'piece', 'E', 'NULL', 2, '2024-10-18 15:28:01'),
(420, 'APPAREIL TELEPHPONIC', 'piece', 'E', 'NULL', 2, '2024-10-18 15:28:01'),
(421, 'FAUTEUILE', 'piece', 'E', 'NULL', 2, '2024-10-18 15:28:01'),
(422, 'STORES CALIFORNIENS', 'piece', 'E', 'NULL', 2, '2024-10-18 15:28:01'),
(423, 'CADRE', 'piece', 'E', 'NULL', 2, '2024-10-18 15:28:01'),
(424, 'TABLE DE CHEVET', 'piece', 'E', 'NULL', 2, '2024-10-18 15:28:01'),
(425, 'APPAREI TELEPHONIQUE ENTC', 'piece', 'E', 'NULL', 2, '2024-10-18 15:28:01'),
(426, 'PORTE-MONTEAU', 'piece', 'E', 'NULL', 2, '2024-10-18 15:28:01'),
(427, 'TABLE DE REUNION', 'piece', 'E', 'NULL', 2, '2024-10-18 15:28:01'),
(428, 'TABLE POUR ELEVE', 'piece', 'E', 'NULL', 2, '2024-10-18 15:28:01'),
(429, 'ASPIRATEUR', 'piece', 'E', 'NULL', 2, '2024-10-18 15:28:01'),
(430, 'PORTE DRAPEAU', 'piece', 'E', 'NULL', 2, '2024-10-18 15:28:01'),
(431, 'VASE POUR FLEUR', 'piece', 'E', 'NULL', 2, '2024-10-18 15:28:01'),
(432, 'ARMOIRE VITREE', 'piece', 'E', 'NULL', 2, '2024-10-18 15:28:01'),
(433, 'REFRIGERATEUR 01 PORTE', 'piece', 'E', 'NULL', 2, '2024-10-18 15:28:01'),
(434, 'TABLE D’EXAMEN', 'piece', 'NULL', 'NULL', 2, '2024-10-18 15:28:01'),
(435, 'PARAVENT', 'piece', 'E', 'NULL', 2, '2024-10-18 15:28:01'),
(436, 'ESCABEAU DEUX MARCHE', 'piece', 'E', 'NULL', 2, '2024-10-18 15:28:01'),
(437, 'BALANCE MEDICALE', 'piece', 'E', 'NULL', 2, '2024-10-18 15:28:01'),
(438, 'MEGATOSCOPE', 'piece', 'E', 'NULL', 2, '2024-10-18 15:28:01'),
(439, 'BOITE PHARMACIE', 'piece', 'E', 'NULL', 2, '2024-10-18 15:28:01'),
(440, 'TENSIOMETRE', 'piece', 'E', 'NULL', 2, '2024-10-18 15:28:01'),
(441, 'TENSIOMETRE ELECTRONIC', 'piece', 'E', 'NULL', 2, '2024-10-18 15:28:01'),
(442, 'GLACIAIRE G.M.', 'piece', 'E', 'NULL', 2, '2024-10-18 15:28:01'),
(443, 'OPHTALMOSCOPE', 'piece', 'E', 'NULL', 2, '2024-10-18 15:28:01'),
(444, 'TABOURET', 'piece', 'E', 'NULL', 2, '2024-10-18 15:28:01'),
(445, 'ARMOIR A TIROIRS', 'piece', 'E', 'NULL', 2, '2024-10-18 15:28:01'),
(446, 'FAUTEUILLE', 'piece', 'I', 'NULL', 2, '2024-10-18 15:28:01'),
(447, 'TOISE', 'piece', 'E', 'NULL', 2, '2024-10-18 15:28:01'),
(448, 'ARMOIR EN METAL', 'piece', 'E', 'NULL', 2, '2024-10-18 15:28:01'),
(449, 'CHARIOT DE SOIN', 'piece', 'E', 'NULL', 2, '2024-10-18 15:28:01'),
(450, 'TABLE POUR EXAMEN', 'piece', 'E', 'NULL', 2, '2024-10-18 15:28:01'),
(451, 'TABLE DE TRAVAIL AVEC TIROIR', 'piece', 'E', 'NULL', 2, '2024-10-18 15:28:01'),
(452, 'TABLE DE CHEVET EN METAL', 'piece', 'E', 'NULL', 2, '2024-10-18 15:28:01'),
(453, 'LIT', 'piece', 'E', 'NULL', 2, '2024-10-18 15:28:01'),
(454, 'ESCABEAU', 'piece', 'E', 'NULL', 2, '2024-10-18 15:28:01'),
(455, 'POUPINELLE', 'piece', 'E', 'NULL', 2, '2024-10-18 15:28:01'),
(456, 'POTENCE A SERUM', 'piece', 'E', 'NULL', 2, '2024-10-18 15:28:01'),
(457, 'CHAISE ROULANTE', 'piece', 'E', 'NULL', 2, '2024-10-18 15:28:01'),
(458, 'BANC', 'piece', 'E', 'NULL', 2, '2024-10-18 15:28:01'),
(459, 'RAYONNAGE EN METAL', 'piece', 'E', 'NULL', 2, '2024-10-18 15:28:01'),
(460, 'MICROPHONE SANS FIL CHIAYO', 'piece', 'E', 'NULL', 2, '2024-10-18 15:28:01'),
(461, 'MICROPHONE DO94', 'piece', 'E', 'NULL', 2, '2024-10-18 15:28:01'),
(462, 'MICROPHONE CRAVATE COMPLET', 'piece', 'E', 'NULL', 2, '2024-10-18 15:28:01'),
(463, 'MEGA PROJECTEUR LARA 1200', 'piece', 'E', 'NULL', 2, '2024-10-18 15:28:01'),
(464, 'DOUBLE LECTEUR DE CASSETTE SONY', 'piece', 'E', 'NULL', 2, '2024-10-18 15:28:01'),
(465, 'CAMERA VODEO PANASONIC M9000', 'piece', 'E', 'NULL', 2, '2024-10-18 15:28:01'),
(466, 'BAFFE GM NORMAL', 'piece', 'E', 'NULL', 2, '2024-10-18 15:28:01'),
(467, 'APPAREIL PHOTO. CANON', 'piece', 'E', 'NULL', 2, '2024-10-18 15:28:01'),
(468, 'AMPLIFICATEUR DE PUISSANCE 2x150 W', 'piece', 'E', 'NULL', 2, '2024-10-18 15:28:01'),
(469, 'VIDEO CASSETTE SONY', 'piece', 'E', 'NULL', 2, '2024-10-18 15:28:01'),
(470, 'TREPIED POUR C.V. M9000', 'piece', 'E', 'NULL', 2, '2024-10-18 15:28:01'),
(471, 'TREPIED AP.PH. CANON', 'piece', 'E', 'NULL', 2, '2024-10-18 15:28:01'),
(472, 'TABLE DE MIXAGE BST 8 PISTES', 'piece', 'E', 'NULL', 2, '2024-10-18 15:28:01'),
(473, 'RETROPROJECTEUR 914', 'piece', 'E', 'NULL', 2, '2024-10-18 15:28:01'),
(474, 'LECTEUR HANATIONAL', 'piece', 'E', 'NULL', 2, '2024-10-18 15:28:01'),
(475, 'VALISE POUR CAMERA', 'piece', 'E', 'NULL', 2, '2024-10-18 15:28:01'),
(476, 'CAMERA VIDEO 9500', 'piece', 'E', 'NULL', 2, '2024-10-18 15:28:01'),
(477, 'MICROPHONE UNI DERECTIONEL', 'piece', 'E', 'NULL', 2, '2024-10-18 15:28:01'),
(478, 'MICROPHONE UNI DIRECTIONEL', 'piece', 'E', 'NULL', 2, '2024-10-18 15:28:01'),
(479, 'VIDEO CASSETTE PANASONIC', 'piece', 'E', 'NULL', 2, '2024-10-18 15:28:01'),
(480, 'CHAINE STEREO 05 C.D. PANASONIC', 'piece', 'E', 'NULL', 2, '2024-10-18 15:28:01'),
(481, 'VASE POUR TIRAGE AU SORT', 'piece', 'E', 'NULL', 2, '2024-10-18 15:28:01'),
(482, 'MARTEAU+SUPPORT+BOIS', 'piece', 'E', 'NULL', 2, '2024-10-18 15:28:01'),
(483, 'VALISE EN BOIS POUR TIRAGE', 'piece', 'E', 'NULL', 2, '2024-10-18 15:28:01'),
(484, 'BUREAU EN BOIS 04 TIROIRS', 'piece', 'E', 'NULL', 2, '2024-10-18 15:28:01'),
(485, 'MINI-CHAINE STEREO PHILIPS', 'piece', 'E', 'NULL', 2, '2024-10-18 15:28:01'),
(486, 'AMPLIFICATEUR PHONIC POD740', 'piece', 'E', 'NULL', 2, '2024-10-18 15:28:01'),
(487, 'CHAISE ACCOUDOIRE', 'piece', 'E', 'NULL', 2, '2024-10-18 15:28:01'),
(488, 'RAYONNAGE EN BOIS', 'piece', 'E', 'NULL', 2, '2024-10-18 15:28:01'),
(489, 'BIBLIOTHEQUE UN ELEMENT', 'piece', 'E', 'NULL', 2, '2024-10-18 15:28:01'),
(490, 'MACHINE A CALCULIE', 'piece', 'E', 'NULL', 2, '2024-10-18 15:28:01'),
(491, 'TELEVISION', 'piece', 'E', 'NULL', 2, '2024-10-18 15:28:01'),
(492, 'COFRE FORT', 'piece', 'E', 'NULL', 2, '2024-10-18 15:28:01'),
(493, 'ECRAN DE PROJECTION', 'piece', 'E', 'NULL', 2, '2024-10-18 15:28:01'),
(494, 'PERCHE POUR BAFFE', 'piece', 'E', 'NULL', 2, '2024-10-18 15:28:01'),
(495, 'SALON 03 PCS. 05 PLACES', 'piece', 'E', 'NULL', 2, '2024-10-18 15:28:01'),
(496, 'ARMOIRE BASSE 02 PORTES', 'piece', 'E', 'NULL', 2, '2024-10-18 15:28:01'),
(497, 'CHAISE EN BOIS ACCOUDOIR', 'piece', 'E', 'NULL', 2, '2024-10-18 15:28:01'),
(498, 'TELEPHONE', 'piece', 'E', 'NULL', 2, '2024-10-18 15:28:01'),
(499, 'MICRO-ORDINATEUR LG', 'piece', 'E', 'NULL', 2, '2024-10-18 15:28:01'),
(500, 'IMPRIMANTE H.P 1220C', 'piece', 'E', 'NULL', 2, '2024-10-18 15:28:01'),
(501, 'CHAISE POUR ELEVE', 'piece', 'E', 'NULL', 2, '2024-10-18 15:28:01'),
(502, 'MICRO-ORDINATEUR LG(oeuvres sociales)', 'piece', 'E', 'NULL', 2, '2024-10-18 15:28:01'),
(503, 'SALLON EN VELOUR DE 05 PLACES/ 03 P', 'piece', 'E', 'NULL', 2, '2024-10-18 15:28:01'),
(504, 'CHAISE DALLE AVEC ACCOUDOIR', 'piece', 'E', 'NULL', 2, '2024-10-18 15:28:01'),
(505, 'CHAISE DALLE SIMPLE', 'piece', 'E', 'NULL', 2, '2024-10-18 15:28:01'),
(506, 'CADRE EN BOIS', 'piece', 'E', 'NULL', 2, '2024-10-18 15:28:01'),
(507, 'GRAVEUR DE CD', 'piece', 'E', 'NULL', 2, '2024-10-18 15:28:01'),
(508, 'IMPRIMANTE LASER CANNON', 'piece', 'E', 'NULL', 2, '2024-10-18 15:28:01'),
(509, 'IMPRIMANTE LEXMARK COULEUR', 'piece', 'E', 'NULL', 2, '2024-10-18 15:28:01'),
(510, 'MICRO-ORDINATEUR PORTABLE', 'piece', 'E', 'NULL', 2, '2024-10-18 15:28:01'),
(511, 'SCANNER BENQ', 'piece', 'E', 'NULL', 2, '2024-10-18 15:28:01'),
(512, 'TABLE BASSE (RETOUR DU BUREAU)', 'piece', 'E', 'NULL', 2, '2024-10-18 15:28:01'),
(513, 'MICRO-ORDINATEUR MULTIMEDIA ACER P.03', 'piece', 'E', 'NULL', 2, '2024-10-18 15:28:01'),
(514, 'APPAREIL TELEPHONE', 'piece', 'E', 'NULL', 2, '2024-10-18 15:28:01'),
(515, 'IMPRIMANTE EPSON LQ 570', 'piece', 'E', 'NULL', 2, '2024-10-18 15:28:01'),
(516, 'SCANNER EPSON 1260', 'piece', 'E', 'NULL', 2, '2024-10-18 15:28:01'),
(517, 'BIBLIOTHEQUE A ELEMENTS', 'piece', 'E', 'NULL', 2, '2024-10-18 15:28:01'),
(518, 'IMPRIMANTE HP1220', 'piece', 'E', 'NULL', 2, '2024-10-18 15:28:01'),
(519, 'CAISSON 03 TIROIRS', 'piece', 'E', 'NULL', 2, '2024-10-18 15:28:01'),
(520, 'PHOTOCOPIEUR MITA 1460', 'piece', 'E', 'NULL', 2, '2024-10-18 15:28:01'),
(521, 'FAUTEUILE PDG', 'piece', 'E', 'NULL', 2, '2024-10-18 15:28:01'),
(522, 'TABLE DE CHVET', 'piece', 'E', 'NULL', 2, '2024-10-18 15:28:01'),
(523, 'SALLON', 'piece', 'E', 'NULL', 2, '2024-10-18 15:28:01'),
(524, 'CHAISE SIMPLE', 'piece', 'E', 'NULL', 2, '2024-10-18 15:28:01'),
(525, 'PORTRAIT DU PRESIDENT', 'piece', 'E', 'NULL', 2, '2024-10-18 15:28:01'),
(526, 'DESTRUCTEUR DE PAPIER', 'piece', 'E', 'NULL', 2, '2024-10-18 15:28:01'),
(527, 'PHOTOCOPIEUSE PANASONIC', 'piece', 'E', 'NULL', 2, '2024-10-18 15:28:01'),
(528, 'ARMOIR BASSE DEUX PORTES', 'piece', 'E', 'NULL', 2, '2024-10-18 15:28:01'),
(529, 'MICRO-ORDINATEUR IBM', 'piece', 'NULL', 'NULL', 2, '2024-10-18 15:28:01'),
(530, 'CLASEUR EN BOIS 03 TIROIRES', 'piece', 'E', 'NULL', 2, '2024-10-18 15:28:01'),
(531, 'PRESENTOIRE EN BOIS', 'piece', 'E', 'NULL', 2, '2024-10-18 15:28:01'),
(532, 'TABLE DE LECTURE', 'piece', 'E', 'NULL', 2, '2024-10-18 15:28:01'),
(533, 'ELEMENT POUR SEPARATION EN BOIS', 'piece', 'E', 'NULL', 2, '2024-10-18 15:28:01'),
(534, 'IMPRIMANTE CANNON', 'piece', 'E', 'NULL', 2, '2024-10-18 15:28:01'),
(535, 'MICRO-ORDINATEUR MULTIMEDIA LG', 'piece', 'E', 'NULL', 2, '2024-10-18 15:28:01'),
(536, 'SIEGE DE BUREAU', 'piece', 'E', 'NULL', 2, '2024-10-18 15:28:01'),
(537, 'TABLE TELEPHONIQUE EN BOIS', 'piece', 'E', 'NULL', 2, '2024-10-18 15:28:01'),
(538, 'DESTRUCTEUR DE PAPIER PANASONIC', 'piece', 'E', 'NULL', 2, '2024-10-18 15:28:01'),
(539, 'SALON 03 PIECES 05 PLACES', 'piece', 'E', 'NULL', 2, '2024-10-18 15:28:01'),
(540, 'BIBLIOTHEQUE BERBERE', 'piece', 'E', 'NULL', 2, '2024-10-18 15:28:01'),
(541, 'IMPRIMANTE CANNON 2900 LBP', 'piece', 'E', 'NULL', 2, '2024-10-18 15:28:01'),
(542, 'BIBLIOTHEQUE EN BOIS', 'piece', 'E', 'NULL', 2, '2024-10-18 15:28:01'),
(543, 'ARMOIRE EN BOIS 02 PORTES', 'piece', 'E', 'NULL', 2, '2024-10-18 15:28:01'),
(544, 'SCANNER MUSTEK', 'piece', 'E', 'NULL', 2, '2024-10-18 15:28:01'),
(545, 'CLIMATISEUR CONDOR 09 BTU', 'piece', 'E', 'NULL', 2, '2024-10-18 15:28:01'),
(546, 'MICRO-ORDINATEUR ML', 'piece', 'E', 'NULL', 2, '2024-10-18 15:28:01'),
(547, 'SALON POUR 05 PLACES', 'piece', 'E', 'NULL', 2, '2024-10-18 15:28:01'),
(548, 'CALCULATRICE CITIZEN', 'piece', 'E', 'NULL', 2, '2024-10-18 15:28:01'),
(549, 'MACHINE A ECRIRE OLIVETTI ELECTRIQUE', 'piece', 'E', 'NULL', 2, '2024-10-18 15:28:01'),
(550, 'BIBLIOTHEQUE 04 ELEMENT', 'piece', 'E', 'NULL', 2, '2024-10-18 15:28:01'),
(551, 'TABLE DE TELEPHONE', 'piece', 'E', 'NULL', 2, '2024-10-18 15:28:01'),
(552, 'APPAREIL TELEPHONIQUE PANASONIC', 'piece', 'E', 'NULL', 2, '2024-10-18 15:28:01'),
(553, 'MICRO-ORDINATEUR IBM. P.04 MULTIMEDIA', 'piece', 'E', 'NULL', 2, '2024-10-18 15:28:01'),
(554, 'IMPRIMANTE EN COULEUR LEXMARQ', 'piece', 'E', 'NULL', 2, '2024-10-18 15:28:01'),
(555, 'CALCULATRICE COMPTABLE', 'piece', 'E', 'NULL', 2, '2024-10-18 15:28:01'),
(556, 'IMPRIMANTE CANNON LBP 1120', 'piece', 'E', 'NULL', 2, '2024-10-18 15:28:01'),
(557, 'REFRIGERATEUR AVEC CACHE-REFRIGERATEUR', 'piece', 'E', 'NULL', 2, '2024-10-18 15:28:01'),
(558, 'BUREAU P.D.G.', 'piece', 'E', 'NULL', 2, '2024-10-18 15:28:01'),
(559, 'RETOUR DE BUREAU', 'piece', 'E', 'NULL', 2, '2024-10-18 15:28:01'),
(560, 'BIBLIOTHEQUE', 'piece', 'E', 'NULL', 2, '2024-10-18 15:28:01'),
(561, 'MICRO-ORDINATEUR H.P MULTIMEDIA', 'piece', 'E', 'NULL', 2, '2024-10-18 15:28:01'),
(562, 'IMPRIMANTE EN COULEUR LASER 4L H.P', 'piece', 'E', 'NULL', 2, '2024-10-18 15:28:01'),
(563, 'ONDULEUR APC', 'piece', 'E', 'NULL', 2, '2024-10-18 15:28:01'),
(564, 'DRAPEAU PRESIDENTIEL', 'piece', 'E', 'NULL', 2, '2024-10-18 15:28:01'),
(565, 'FAX SAGEM', 'piece', 'E', 'NULL', 2, '2024-10-18 15:28:01'),
(566, 'APPAREIL TELEPHONIQUE STANDARD', 'piece', 'NULL', 'NULL', 2, '2024-10-18 15:28:01'),
(568, 'PORTRAIT DU PRESIDENT (RADP)', 'piece', 'E', 'NULL', 2, '2024-10-18 15:28:01'),
(569, 'POT DE FLEURE ARTIFICIELLE', 'piece', 'E', 'NULL', 2, '2024-10-18 15:28:01'),
(570, 'ECRAN POUR CAMERA EXT.', 'piece', 'E', 'NULL', 2, '2024-10-18 15:28:01'),
(571, 'MIROIR GRAND MODEL', 'piece', 'E', 'NULL', 2, '2024-10-18 15:28:01'),
(572, 'VEILLEUSE GRAND MODEL', 'piece', 'E', 'NULL', 2, '2024-10-18 15:28:01'),
(573, 'BUREAU EN BOIS 06 TIROIRS', 'piece', 'E', 'NULL', 2, '2024-10-18 15:28:01'),
(574, 'MICRO-ORDINATEUR MULTIMEDIA IBM P.04', 'piece', 'E', 'NULL', 2, '2024-10-18 15:28:01'),
(575, 'TABLE POUR PHOTOCOPIEUSE 02 PORTES', 'piece', 'E', 'NULL', 2, '2024-10-18 15:28:01'),
(576, 'FAX PANASONIC KX-FL 512', 'piece', 'E', 'NULL', 2, '2024-10-18 15:28:01'),
(577, 'MODEM POUR INTERNET 56K', 'piece', 'E', 'NULL', 2, '2024-10-18 15:28:01'),
(578, 'CAISSON DE 03 TIROIRS', 'piece', 'E', 'NULL', 2, '2024-10-18 15:28:01'),
(579, 'PHOTOCOPIEUSE MITA KN 1510', 'piece', 'E', 'NULL', 2, '2024-10-18 15:28:01'),
(580, 'IMPRIMANTE LASER LEXM', 'piece', 'E', 'NULL', 2, '2024-10-18 15:28:01'),
(581, 'SCANNER', 'piece', 'E', 'NULL', 2, '2024-10-18 15:28:01'),
(582, 'BIBLIOTHEQUE VITREE', 'piece', 'E', 'NULL', 2, '2024-10-18 15:28:01'),
(583, 'TABLE DE CUISINE', 'piece', 'E', 'NULL', 2, '2024-10-18 15:28:01'),
(584, 'T.V PANASONIC', 'piece', 'E', 'NULL', 2, '2024-10-18 15:28:01'),
(585, 'ANTENNE PORTATIVE', 'piece', 'E', 'NULL', 2, '2024-10-18 15:28:01'),
(586, 'COFFRE FORT', 'piece', 'E', 'NULL', 2, '2024-10-18 15:28:01'),
(587, 'PRESSE POUR PLOMBAGE', 'piece', 'E', 'NULL', 2, '2024-10-18 15:28:01'),
(588, 'TABLE DE REUNION OVALE', 'piece', 'E', 'NULL', 2, '2024-10-18 15:28:01'),
(589, 'CHAISE DE REUNION', 'piece', 'E', 'NULL', 2, '2024-10-18 15:28:01'),
(590, 'COMMODE BERBERE BASSE', 'piece', 'E', 'NULL', 2, '2024-10-18 15:28:01'),
(591, 'REFRIGERATEUR ENIEM', 'piece', 'E', 'NULL', 2, '2024-10-18 15:28:01'),
(592, 'PRESSE A CAFE ELECTRIQUE PHILIPS', 'piece', 'E', 'NULL', 2, '2024-10-18 15:28:01'),
(593, 'MICRO-ORDINATEUR ACER P. 03', 'piece', 'E', 'NULL', 2, '2024-10-18 15:28:01'),
(594, 'MICRO-ORDINATEUR ACER P. 04', 'piece', 'E', 'NULL', 2, '2024-10-18 15:28:01'),
(595, 'BAIN D’HUILE 09 ELEMENTS', 'piece', 'E', 'NULL', 2, '2024-10-18 15:28:01'),
(596, 'MICRO-ORDINATEUR IBM P.04 MULTIMEDIA', 'piece', 'E', 'NULL', 2, '2024-10-18 15:28:01'),
(597, 'IMPRIMANTE COULEUR LEXMARK', 'piece', 'E', 'NULL', 2, '2024-10-18 15:28:01'),
(598, 'IMPRIMANTE H.P. COULEUR 930', 'piece', 'E', 'NULL', 2, '2024-10-18 15:28:01'),
(599, 'CHAISE POUR ELEVE EN BOIS', 'piece', 'E', 'NULL', 2, '2024-10-18 15:28:01'),
(600, 'BAIN D’HUILE 9 ELEMENTS PHILIPS', 'piece', 'E', 'NULL', 2, '2024-10-18 15:28:01'),
(601, 'BUREAU INFORMATIQUE', 'piece', 'E', 'NULL', 2, '2024-10-18 15:28:01'),
(602, 'ELEMENT A ETAGERE', 'piece', 'E', 'NULL', 2, '2024-10-18 15:28:01'),
(603, 'CHAISE AVEC ACCOUDOIRE', 'piece', 'E', 'NULL', 2, '2024-10-18 15:28:01'),
(604, 'APPAREIL TELEPHONIQUE BEETEL', 'piece', 'E', 'NULL', 2, '2024-10-18 15:28:01'),
(605, 'ESCABOT', 'piece', 'E', 'NULL', 2, '2024-10-18 15:28:01'),
(606, 'CLASSEUR A BAC', 'piece', 'E', 'NULL', 2, '2024-10-18 15:28:01'),
(607, 'PRESENTOIR EN BOIS', 'piece', 'E', 'NULL', 2, '2024-10-18 15:28:01'),
(608, 'CHARIOT POUR LIVRE', 'piece', 'E', 'NULL', 2, '2024-10-18 15:28:01'),
(609, 'APPAREIL TELEPHONNIQUE', 'piece', 'E', 'NULL', 2, '2024-10-18 15:28:01'),
(610, 'MONT DOCUMENT 1000KG', 'piece', 'E', 'NULL', 2, '2024-10-18 15:28:01'),
(611, 'ARMOIRE 06 ELEMENTS', 'piece', 'E', 'NULL', 2, '2024-10-18 15:28:01'),
(612, 'TABLE', 'piece', 'E', 'NULL', 2, '2024-10-18 15:28:01'),
(613, 'MICRO-ORDINATEUR NEC', 'piece', 'E', 'NULL', 2, '2024-10-18 15:28:01'),
(614, 'CLASSEUR EN BOIS A ETAGERE', 'piece', 'E', 'NULL', 2, '2024-10-18 15:28:01'),
(615, 'CLIMATISEUR PORTABLE MONOBLOC', 'piece', 'E', 'NULL', 2, '2024-10-18 15:28:01'),
(616, 'TELEPHONNE', 'piece', 'E', 'NULL', 2, '2024-10-18 15:28:01'),
(617, 'INPREMENETE HP 1100', 'piece', 'E', 'NULL', 2, '2024-10-18 15:28:01'),
(618, 'ONDULEUR TIPPLITE', 'piece', 'E', 'NULL', 2, '2024-10-18 15:28:01'),
(619, 'BUREAU EN BOIS AVEC RETOURE', 'piece', 'E', 'NULL', 2, '2024-10-18 15:28:01'),
(620, 'MICRO-ORDINATEUR MONTAGE', 'piece', 'E', 'NULL', 2, '2024-10-18 15:28:01'),
(621, 'ARMOIRE DE CLASSEMENT', 'piece', 'E', 'NULL', 2, '2024-10-18 15:28:01'),
(622, 'BIBLIOTHEQUE 03 ELEMENT', 'piece', 'E', 'NULL', 2, '2024-10-18 15:28:01'),
(623, 'CLASSEUR METALLIQUE', 'piece', 'E', 'NULL', 2, '2024-10-18 15:28:01'),
(624, 'CLASSEUR A TIROIRS EN BOIS', 'piece', 'E', 'NULL', 2, '2024-10-18 15:28:01'),
(625, 'PHOTOCOPIEUSE XEROX', 'piece', 'E', 'NULL', 2, '2024-10-18 15:28:01'),
(626, 'PRESENTOIR EN ALUMINIUM', 'piece', 'E', 'NULL', 2, '2024-10-18 15:28:01'),
(627, 'ARMOIR POUR INFORMATIQUE', 'piece', 'E', 'NULL', 2, '2024-10-18 15:28:01'),
(628, 'RAYONNAGE METALLIQUE', 'piece', 'E', 'NULL', 2, '2024-10-18 15:28:01'),
(629, 'ARMOIR EN BOIS 06 ELEMENTS', 'piece', 'E', 'NULL', 2, '2024-10-18 15:28:01'),
(630, 'CHAISE A ACCOUDOIRE', 'piece', 'E', 'NULL', 2, '2024-10-18 15:28:01'),
(631, 'BAIN D\'HUILE', 'piece', 'E', 'NULL', 2, '2024-10-18 15:28:01'),
(632, 'CALCULATRICE COMPTABLE CITIZEN 123A', 'piece', 'E', 'NULL', 2, '2024-10-18 15:28:01'),
(633, 'PHOTOCOPIEUSE OCE3045', 'piece', 'E', 'NULL', 2, '2024-10-18 15:28:01'),
(634, 'STABILISATEUR', 'piece', 'E', 'NULL', 2, '2024-10-18 15:28:01'),
(635, 'RALLONGE', 'piece', 'E', 'NULL', 2, '2024-10-18 15:28:01'),
(636, 'BUREAU AVEC RETOUR', 'piece', 'E', 'NULL', 2, '2024-10-18 15:28:01'),
(637, 'MICRO-ORDINATEUR HP', 'piece', 'E', 'NULL', 2, '2024-10-18 15:28:01'),
(638, 'IMPRIMANTE CANON 2900', 'piece', 'E', 'NULL', 2, '2024-10-18 15:28:01'),
(639, 'IMPRIMANTE LEXMARK', 'piece', 'E', 'NULL', 2, '2024-10-18 15:28:01'),
(640, 'ARMOIRE DE CLASSEMENT EN BOIS', 'piece', 'E', 'NULL', 2, '2024-10-18 15:28:01'),
(641, 'VENTILATEUR PLAFONNIER', 'piece', 'E', 'NULL', 2, '2024-10-18 15:28:01'),
(642, 'MICRO-ORDINATEUR H.P', 'piece', 'E', 'NULL', 2, '2024-10-18 15:28:01'),
(643, 'SERVEUR H.P', 'piece', 'E', 'NULL', 2, '2024-10-18 15:28:01'),
(644, 'CHAISE ROTATIVE DALLE', 'piece', 'E', 'NULL', 2, '2024-10-18 15:28:01'),
(645, 'IMPREMENTE HP', 'piece', 'E', 'NULL', 2, '2024-10-18 15:28:01'),
(646, 'IMPREMENTE LEXMARK', 'piece', 'E', 'NULL', 2, '2024-10-18 15:28:01'),
(648, 'ARMOIRE EN BOIS DEUX PORTES', 'piece', 'E', 'NULL', 2, '2024-10-18 15:28:01'),
(649, 'ARMOIRE A ETAGERE', 'piece', 'E', 'NULL', 2, '2024-10-18 15:28:01'),
(650, 'APPAREIL TELEPHONNE', 'piece', 'E', 'NULL', 2, '2024-10-18 15:28:01'),
(651, 'TABLE DE TRI', 'piece', 'E', 'NULL', 2, '2024-10-18 15:28:01'),
(652, 'FANNION', 'piece', 'E', 'NULL', 2, '2024-10-18 15:28:01'),
(653, 'TABLE DE CLASSE', 'piece', 'E', 'NULL', 2, '2024-10-18 15:28:01'),
(654, 'TABLEAU BLANC', 'piece', 'E', 'NULL', 2, '2024-10-18 15:28:01'),
(655, 'ARMOIRE DEUX PORTES', 'piece', 'E', 'NULL', 2, '2024-10-18 15:28:01'),
(656, 'ARMOIRE A ETAGERES', 'piece', 'E', 'NULL', 2, '2024-10-18 15:28:01'),
(657, 'BIBLIOTHREQUE CLASSEMENT', 'piece', 'E', 'NULL', 2, '2024-10-18 15:28:01'),
(658, 'APPAREIL TELEPHONNE INATEL', 'piece', 'E', 'NULL', 2, '2024-10-18 15:28:01'),
(659, 'TABLEAU D’AFFICHAGE', 'piece', 'E', 'NULL', 2, '2024-10-18 15:28:01'),
(660, 'MODEM INTERNET', 'piece', 'E', 'NULL', 2, '2024-10-18 15:28:01'),
(661, 'SIEGE RABATABLE POUR AMPHIE', 'piece', 'E', 'NULL', 2, '2024-10-18 15:28:01'),
(662, 'AMPLIFICATEUR PHILIPS', 'piece', 'E', 'NULL', 2, '2024-10-18 15:28:01'),
(663, 'ARMOIRE DE CLIMATISATION LG', 'piece', 'E', 'NULL', 2, '2024-10-18 15:28:01'),
(664, 'MICROPHONNE', 'piece', 'E', 'NULL', 2, '2024-10-18 15:28:01'),
(665, 'BAFFES', 'piece', 'E', 'NULL', 2, '2024-10-18 15:28:01'),
(666, 'PORTRAIT', 'piece', 'E', 'NULL', 2, '2024-10-18 15:28:01'),
(667, 'TABLEAU DE CLASSE BLANC', 'piece', 'E', 'NULL', 2, '2024-10-18 15:28:01'),
(668, 'SUPPORT DE CONFERENCE', 'piece', 'E', 'NULL', 2, '2024-10-18 15:28:01'),
(669, 'TABLE DE CONFERENCE', 'piece', 'E', 'NULL', 2, '2024-10-18 15:28:01'),
(670, 'RETROPROJECTEUR MURAL', 'piece', 'E', 'NULL', 2, '2024-10-18 15:28:01'),
(671, 'DATA CHOW HITACHI', 'piece', 'E', 'NULL', 2, '2024-10-18 15:28:01'),
(672, 'DRAPEAU', 'piece', 'E', 'NULL', 2, '2024-10-18 15:28:01'),
(673, 'BAFFE ALLU', 'piece', 'E', 'NULL', 2, '2024-10-18 15:28:01'),
(674, 'ARMOIR DE CLIMATISATION PANASONIC', 'piece', 'E', 'NULL', 2, '2024-10-18 15:28:01'),
(675, 'SIEGE RABATABLE FIXES', 'piece', 'E', 'NULL', 2, '2024-10-18 15:28:01'),
(676, 'TABLE D’AMPHIE FIXEE', 'piece', 'E', 'NULL', 2, '2024-10-18 15:28:01'),
(677, 'RETROPROJECTEUR', 'piece', 'E', 'NULL', 2, '2024-10-18 15:28:01'),
(678, 'BUREAU DE PROF.', 'piece', 'E', 'NULL', 2, '2024-10-18 15:28:01'),
(679, 'CHAISE EN BIOS', 'piece', 'E', 'NULL', 2, '2024-10-18 15:28:01'),
(680, 'CHAISE', 'piece', 'E', 'NULL', 2, '2024-10-18 15:28:01'),
(681, 'CHAISE EN METAL', 'piece', 'E', 'NULL', 2, '2024-10-18 15:28:01'),
(682, 'ARMOIR 02 ELEMENTS VITREE', 'piece', 'E', 'NULL', 2, '2024-10-18 15:28:01'),
(683, 'CLIMATISEUR SAMSUNG 18000 BTU', 'piece', 'E', 'NULL', 2, '2024-10-18 15:28:01'),
(684, 'TABLE D’ELEVE', 'piece', 'E', 'NULL', 2, '2024-10-18 15:28:01'),
(685, 'TABLE D\'ELEVE', 'piece', 'E', 'NULL', 2, '2024-10-18 15:28:01'),
(686, 'CHAISE POUR PROF.', 'piece', 'NULL', 'NULL', 2, '2024-10-18 15:28:01'),
(687, 'CHAISE EN BOIS AVEC ACCOUDOIRE', 'piece', 'E', 'NULL', 2, '2024-10-18 15:28:01'),
(688, 'FONTAINE FRECHE', 'piece', 'E', 'NULL', 2, '2024-10-18 15:28:01'),
(689, 'TABLEAU D\'AFFICHAGE VITRE', 'piece', 'E', 'NULL', 2, '2024-10-18 15:28:01'),
(690, 'PRESENTOIRE VITRE', 'piece', 'E', 'NULL', 2, '2024-10-18 15:28:01'),
(691, 'TABLEAU', 'piece', 'E', 'NULL', 2, '2024-10-18 15:28:01'),
(692, 'CORBEILLE METALIQUE', 'piece', 'E', 'NULL', 2, '2024-10-18 15:28:01'),
(693, 'CORBEILLE METALLIQUE', 'piece', 'E', 'NULL', 2, '2024-10-18 15:28:01'),
(694, 'FAUTEUIL EN SKAI', 'piece', 'E', 'NULL', 2, '2024-10-18 15:28:01'),
(695, 'PANNEAU D\'AFFICHAGE', 'piece', 'E', 'NULL', 2, '2024-10-18 15:28:01'),
(696, 'VASE EN PIERRE', 'piece', 'E', 'NULL', 2, '2024-10-18 15:28:01'),
(697, 'BUTE DE TELEPHONE', 'piece', 'E', 'NULL', 2, '2024-10-18 15:28:01'),
(698, 'VENTILATEUR PLAFON', 'piece', 'E', 'NULL', 2, '2024-10-18 15:28:01'),
(699, 'NETTOYEUR', 'piece', 'E', 'NULL', 2, '2024-10-18 15:28:01'),
(700, 'PRIS APC', 'piece', 'E', 'NULL', 2, '2024-10-18 15:28:01'),
(701, 'CHAISEEN BOIS', 'piece', 'E', 'NULL', 2, '2024-10-18 15:28:01'),
(702, 'SURFACE DE PROJECTION', 'piece', 'E', 'NULL', 2, '2024-10-18 15:28:01'),
(703, 'CLIMATISEUR CONDOR', 'piece', 'E', 'NULL', 2, '2024-10-18 15:28:01'),
(704, 'PRESENTOIRE', 'piece', 'E', 'NULL', 2, '2024-10-18 15:28:01'),
(705, 'CHAISE POUR MICRO', 'piece', 'E', 'NULL', 2, '2024-10-18 15:28:01'),
(706, 'ARMOIRE DE CLASSEMENT A ETAGERES', 'piece', 'E', 'NULL', 2, '2024-10-18 15:28:01'),
(707, 'PRISE STABILISATEUR', 'piece', 'E', 'NULL', 2, '2024-10-18 15:28:01'),
(708, 'SURFACE DE PROJECTION MURALE', 'piece', 'E', 'NULL', 2, '2024-10-18 15:28:01'),
(709, 'TABLEAU D\'AFFICHACE', 'piece', 'E', 'NULL', 2, '2024-10-18 15:28:01'),
(710, 'PORTE-MONTEAU METALLIQUE', 'piece', 'E', 'NULL', 2, '2024-10-18 15:28:01'),
(711, 'STABILISATEUR DE COURANT ELECTRIQUE', 'piece', 'E', 'NULL', 2, '2024-10-18 15:28:01'),
(712, 'PORTE-CEINTRE EN METAL', 'piece', 'E', 'NULL', 2, '2024-10-18 15:28:01'),
(713, 'TABLEAU POUR RETROPROJECTION', 'piece', 'E', 'NULL', 2, '2024-10-18 15:28:01'),
(714, 'DATA CHOW SANYO', 'piece', 'E', 'NULL', 2, '2024-10-18 15:28:01'),
(715, 'MICRO ORDINATEUR POUR RETRO.', 'piece', 'E', 'NULL', 2, '2024-10-18 15:28:01'),
(716, 'MULTI-PRISE', 'piece', 'E', 'NULL', 2, '2024-10-18 15:28:01'),
(717, 'TREPIE POUR DATASHOW', 'piece', 'E', 'NULL', 2, '2024-10-18 15:28:01'),
(718, 'AMPLIFICATEUR.PHILIPS', 'piece', 'E', 'NULL', 2, '2024-10-18 15:28:01'),
(719, 'CHAISE RABATABLE FIXES', 'piece', 'E', 'NULL', 3, '2024-10-18 15:28:01'),
(720, 'TABLE DE CLASSE RABATABLE FIX', 'piece', 'E', 'NULL', 2, '2024-10-18 15:28:01'),
(721, 'ESTRADE', 'piece', 'NULL', 'NULL', 2, '2024-10-18 15:28:01'),
(722, 'CLIMATISEUR HAIER', 'piece', 'E', 'NULL', 2, '2024-10-18 15:28:01'),
(723, 'BAFFE', 'piece', 'E', 'NULL', 2, '2024-10-18 15:28:01'),
(724, 'MICROPHONNE A AMPLI. PHILIPS', 'piece', 'NULL', 'NULL', 2, '2024-10-18 15:28:01'),
(725, 'TABLE DE SIEGE RABATABLE', 'piece', 'E', 'NULL', 2, '2024-10-18 15:28:01'),
(726, 'IMPRIMANTE EPSON 561+', 'piece', 'E', 'NULL', 2, '2024-10-18 15:28:01'),
(727, 'VASE EN PLASTIQUE', 'piece', 'E', 'NULL', 2, '2024-10-18 15:28:01'),
(728, 'CORBEILLE', 'piece', 'E', 'NULL', 2, '2024-10-18 15:28:01'),
(729, 'LIT EN BOIS', 'piece', 'E', 'NULL', 2, '2024-10-18 15:28:01'),
(730, 'CHAISE EN BOIS POUR REFECTOIRE', 'piece', 'E', 'NULL', 2, '2024-10-18 15:28:01'),
(731, 'PORTE MONTEAU BOIS', 'piece', 'E', 'NULL', 2, '2024-10-18 15:28:01'),
(732, 'IMPRIMANTE HP LAZER', 'piece', 'E', 'NULL', 1, '2024-10-18 15:28:01'),
(733, 'T.V 47 CM ENIE', 'piece', 'E', 'NULL', 2, '2024-10-18 15:28:01'),
(734, 'TABLE T.V', 'piece', 'E', 'NULL', 2, '2024-10-18 15:28:01'),
(736, 'IMPRIMANTE HP LASER JET P1102', 'piece', 'E', 'NULL', 2, '2024-10-18 15:28:01'),
(737, 'IMPRIMANTE LEXMARK E ', 'piece', 'E', 'NULL', 2, '2024-10-18 15:28:01'),
(738, 'BANKNOTE COUNTER 55', 'piece', 'E', 'NULL', 1, '2024-10-18 15:28:01'),
(739, 'test', 'test', 'test', 'test', 2, '2024-10-18 15:49:20');

-- --------------------------------------------------------

--
-- Table structure for table `bon_entree`
--

CREATE TABLE `bon_entree` (
  `id` int(10) UNSIGNED NOT NULL,
  `id_fournisseur` int(10) UNSIGNED NOT NULL,
  `date` datetime NOT NULL,
  `TVA` int(11) NOT NULL DEFAULT 19,
  `document_num` varchar(255) NOT NULL,
  `last_edited` datetime DEFAULT current_timestamp() ON UPDATE current_timestamp()
) ENGINE=InnoDB DEFAULT CHARSET=utf8mb4 COLLATE=utf8mb4_general_ci;

--
-- Dumping data for table `bon_entree`
--

INSERT INTO `bon_entree` (`id`, `id_fournisseur`, `date`, `TVA`, `document_num`, `last_edited`) VALUES
(3, 5, '2024-10-24 00:00:00', 19, '', '2024-10-18 19:00:45'),
(4, 5, '2024-10-16 00:00:00', 19, '', '2024-10-18 19:00:45'),
(5, 5, '2024-10-24 00:00:00', 19, '', '2024-10-18 19:00:45'),
(6, 5, '2024-10-17 00:00:00', 19, '', '2024-10-18 19:00:45'),
(7, 5, '2024-10-18 00:00:00', 19, '', '2024-10-18 19:00:45'),
(8, 5, '2024-10-18 00:00:00', 19, '', '2024-10-18 19:00:45'),
(9, 5, '2024-10-18 00:00:00', 19, '', '2024-10-18 19:00:45'),
(10, 5, '2024-10-25 00:00:00', 19, '', '2024-10-18 19:00:45'),
(11, 5, '2024-10-16 00:00:00', 19, '', '2024-10-18 19:00:45'),
(12, 5, '2024-10-25 00:00:00', 19, '', '2024-10-18 19:00:45'),
(13, 5, '2024-10-18 00:00:00', 19, '', '2024-10-18 19:00:45'),
(14, 5, '2024-10-25 00:00:00', 19, '', '2024-10-18 19:00:45'),
(15, 5, '2024-10-18 00:00:00', 19, '511fdd', '2024-10-18 19:00:45'),
(16, 5, '2024-10-25 00:00:00', 19, '2135sdc', '2024-10-18 19:00:45'),
(17, 5, '2024-10-18 00:00:00', 19, '151', '2024-10-18 19:00:45'),
(18, 5, '2024-10-18 00:00:00', 19, '8484', '2024-10-18 19:00:45'),
(19, 5, '2024-10-18 00:00:00', 19, '5858', '2024-10-18 19:00:45'),
(20, 5, '2024-10-18 00:00:00', 19, '15', '2024-10-18 19:00:45'),
(21, 5, '2024-10-18 00:00:00', 19, '516516', '2024-10-18 19:00:45'),
(22, 5, '2024-10-18 00:00:00', 19, 'trez', '2024-10-18 19:00:45'),
(23, 11, '2024-10-18 00:00:00', 19, 'ssda4f', '2024-10-18 19:00:45'),
(24, 9, '2024-10-18 00:00:00', 19, 'sdfcv', '2024-10-18 19:00:45'),
(25, 11, '2024-10-18 00:00:00', 19, 'ghjkl', '2024-10-18 19:02:47'),
(26, 10, '2024-10-18 00:00:00', 19, '1553', '2024-10-18 21:03:52'),
(27, 9, '2024-10-18 00:00:00', 19, '85uhj', '2024-10-18 21:53:56'),
(28, 10, '2024-10-11 00:00:00', 19, '741', '2024-10-20 09:18:24'),
(29, 9, '2024-10-17 00:00:00', 19, '542', '2024-10-20 10:06:42');

-- --------------------------------------------------------

--
-- Table structure for table `bon_sortie`
--

CREATE TABLE `bon_sortie` (
  `id` int(10) UNSIGNED NOT NULL,
  `id_employeur` int(10) UNSIGNED NOT NULL,
  `id_service` int(10) UNSIGNED NOT NULL,
  `date` datetime NOT NULL,
  `last_edited` datetime DEFAULT current_timestamp() ON UPDATE current_timestamp()
) ENGINE=InnoDB DEFAULT CHARSET=utf8mb4 COLLATE=utf8mb4_general_ci;

--
-- Dumping data for table `bon_sortie`
--

INSERT INTO `bon_sortie` (`id`, `id_employeur`, `id_service`, `date`, `last_edited`) VALUES
(1, 1, 1, '2024-10-15 00:00:00', '2024-10-18 19:01:01');

-- --------------------------------------------------------

--
-- Table structure for table `category`
--

CREATE TABLE `category` (
  `id` int(10) UNSIGNED NOT NULL,
  `name_cat` varchar(255) NOT NULL
) ENGINE=InnoDB DEFAULT CHARSET=utf8mb4 COLLATE=utf8mb4_general_ci;

--
-- Dumping data for table `category`
--

INSERT INTO `category` (`id`, `name_cat`) VALUES
(1, 'othre'),
(2, 'meuble'),
(3, 'tech');

-- --------------------------------------------------------

--
-- Table structure for table `employeur`
--

CREATE TABLE `employeur` (
  `id` int(10) UNSIGNED NOT NULL,
  `firstname` varchar(255) NOT NULL,
  `lastname` varchar(255) NOT NULL,
  `title` varchar(255) DEFAULT NULL
) ENGINE=InnoDB DEFAULT CHARSET=utf8mb4 COLLATE=utf8mb4_general_ci;

--
-- Dumping data for table `employeur`
--

INSERT INTO `employeur` (`id`, `firstname`, `lastname`, `title`) VALUES
(1, 'خديجة', 'بن زموري', 'ing'),
(2, 'يخلف', 'مصطفى', 'ing'),
(3, 'منصور', 'وردة', 'ing'),
(4, 'قلال', 'عبد الرزاق', 'sec'),
(5, 'بن شهرة ', 'انور', 'ing'),
(8, 'جوادي', 'عدلان كريم', NULL),
(9, 'كحلال', 'جلول', NULL),
(12, 'أومجكان', 'سميرة', NULL),
(13, 'راشد', 'بن زاوي', NULL),
(14, 'قاستل', 'نور الدين', NULL),
(15, 'بوقاسي', 'سامية', NULL),
(16, 'تومي', 'محجوبة', NULL),
(17, 'كاتب', 'نسيم', NULL),
(18, 'راحو', 'أمال', NULL),
(19, 'مروش', 'يونس', NULL),
(20, 'شهاب', 'عصام', NULL),
(21, 'كسراوي', 'مليكة', NULL),
(22, 'حشماوي', 'محمد', NULL),
(23, 'بن تواتي', 'شهرزاد', NULL),
(24, 'شعبان', 'سمير', NULL),
(26, 'بولشلوش', 'وردة', NULL),
(27, 'عباس', 'عبد اللطيف', NULL),
(28, 'عمراوي', 'عبد الحميد', NULL),
(29, 'يحياوي', 'حسينة', NULL),
(30, 'بلمادي', 'إيمان', NULL),
(31, 'بوطالبي', 'عبد الله', NULL),
(32, 'جودي', 'فوزية', NULL),
(33, 'قعلول', 'فتحية', NULL),
(34, 'بركان', 'ليلى', NULL),
(35, 'نايت يحيى', 'بلال', NULL),
(36, 'بوطين', 'سلمى', NULL),
(37, 'عمار', 'يوسف دليلة', NULL),
(38, 'عيش', 'محمد', NULL),
(39, 'كيتوس', 'إيدير', NULL),
(40, 'بوناب', 'عبد الناصر', NULL),
(41, 'ساسي', 'نواري', NULL),
(42, 'رعاش', 'سامية', NULL),
(43, 'أوزية', 'كنزة', NULL),
(44, 'قاسي', 'سهيلة', NULL),
(45, 'دباغ', 'وردة', NULL),
(46, 'شارف', 'خوجة سمير', NULL),
(47, 'قارة', 'علي ذهبيـة', NULL),
(48, 'بن عمارة', 'زكية', NULL),
(49, 'حسيان', 'زهية', NULL),
(50, 'هومة', 'سمية', NULL),
(51, 'شعشوع', 'أنيسة', NULL),
(52, 'أوزناني', 'فزيلة', NULL),
(53, 'رزيقات', 'سجية', NULL),
(54, 'ميهوب', 'صليحة', NULL),
(55, 'هدروق', 'عبد الكريم', NULL),
(56, 'بولحواش', 'مراد', NULL),
(57, 'هدروق', 'منور', NULL),
(58, 'صالح', 'محمد', NULL),
(59, 'شجاري', 'أحمد', NULL),
(60, 'قلال', 'عمر', NULL),
(61, 'كرامدي', 'عبد القادر', NULL),
(62, 'حمود', 'سليم', NULL),
(63, 'حمايدية', 'محمد', NULL),
(64, 'كودري', 'امبارك', NULL),
(65, 'روابحية', 'السعيد', NULL),
(66, 'بوخشبة', 'رشيد', NULL),
(67, 'رابحي', 'سيد علي', NULL),
(68, 'بن زين', 'هندة', NULL),
(69, 'ستيحي', 'نور الدين', NULL),
(70, 'بن سالم', 'توفيق', NULL),
(71, 'ربيعي', 'رابح', NULL),
(72, 'حميدي', 'محمد', NULL),
(73, 'بقـال', 'محمد الصغير', NULL),
(74, 'بلكسة', 'محمد', NULL),
(75, 'طروش', 'نورالدين', NULL),
(76, 'رزوق', 'بوعلام', NULL),
(77, 'بركاني', 'عبد القادر', NULL),
(78, 'لكحل', 'حميد', NULL),
(79, 'عيادي', 'عبد الرزاق', NULL),
(80, 'سدراتي', 'عبد الغني', NULL),
(81, 'حوش', 'رمضان', NULL),
(82, 'بولقرون', 'ياسين', NULL),
(83, 'هني', 'خالد', NULL),
(84, 'عوان', 'عبد الله', NULL),
(85, 'توازي', 'رضوان', NULL),
(86, 'كشرود', 'فاروق', NULL),
(87, 'منديلي', 'رضوان', NULL),
(88, 'بن ناصر', 'مولود', NULL),
(89, 'حدبي', 'عبد القادر', NULL),
(90, 'قتــال', 'حســـان', NULL),
(91, 'فوغالي', 'نسيم', NULL),
(92, 'دليو', 'فيصل', NULL),
(93, 'براهيتي', 'مصطفى', NULL),
(94, 'عبدي', 'عمر', NULL),
(95, 'دبوب', 'حمزة', NULL),
(96, 'مخلوف', 'كمال', NULL),
(97, 'زواق', 'قدور', NULL),
(98, 'شولي', 'عياش', NULL),
(99, 'آمبارك', 'محمد عدلان', NULL),
(100, 'عمراني', 'علي', NULL),
(101, 'عثوم', 'زبيدة', NULL),
(102, 'مريبعي', 'حمزة', NULL),
(103, 'فدول', 'كريم', NULL),
(104, 'شهر الدين', 'يوسف', NULL),
(105, 'عزوزي', 'عبد الرحيم', NULL),
(106, 'شنايت', 'حسين', NULL),
(107, 'لطرش', 'محمد', NULL),
(108, 'سراجية', 'حفصة', NULL),
(109, 'راربي', 'فضيلة', NULL),
(110, 'بوطواطو', 'رابح', NULL),
(111, 'حوري', 'نصيرة', NULL),
(112, 'جبري', 'مسعودة', NULL),
(113, 'مسعودان', 'حفيظة', NULL),
(114, 'مريجة', 'فاطمة الزهراء', NULL);

-- --------------------------------------------------------

--
-- Table structure for table `entree`
--

CREATE TABLE `entree` (
  `id` int(10) UNSIGNED NOT NULL,
  `id_article` int(10) UNSIGNED NOT NULL,
  `quantity` int(11) NOT NULL,
  `unit_price` double NOT NULL,
  `id_be` int(10) UNSIGNED NOT NULL
) ENGINE=InnoDB DEFAULT CHARSET=utf8mb4 COLLATE=utf8mb4_general_ci;

--
-- Dumping data for table `entree`
--

INSERT INTO `entree` (`id`, `id_article`, `quantity`, `unit_price`, `id_be`) VALUES
(4, 737, 525, 10, 3),
(5, 734, 25, 451, 3),
(6, 734, 14, 1001, 4),
(7, 653, 15, 1000, 4),
(8, 734, 20, 10, 5),
(9, 730, 21, 74, 5),
(10, 737, 5, 40, 6),
(11, 726, 40, 10, 6),
(12, 736, 5, 48, 7),
(13, 731, 54, 54, 7),
(14, 737, 54, 55, 8),
(15, 734, 51, 12, 9),
(16, 734, 88, 21, 10),
(17, 730, 66, 10, 11),
(18, 731, 50, 47, 12),
(19, 646, 15, 42, 13),
(20, 620, 8, 10, 14),
(21, 734, 4, 54, 15),
(22, 709, 41, 71, 15),
(23, 613, 44, 10, 16),
(24, 638, 14, 47, 16),
(25, 737, 15, 777, 17),
(26, 636, 14, 51, 17),
(27, 544, 741, 258, 18),
(28, 720, 12, 321, 18),
(29, 738, 10, 1515, 19),
(30, 717, 10, 741, 20),
(31, 712, 987, 124, 20),
(32, 512, 15, 78, 21),
(33, 257, 40, 18, 22),
(34, 517, 12, 71, 22),
(35, 256, 10, 500, 23),
(36, 264, 15, 447, 24),
(37, 240, 51, 20, 25),
(38, 531, 84, 154, 26),
(39, 265, 15, 47, 27),
(40, 527, 87, 11, 27),
(41, 512, 5, 20, 28),
(42, 240, 15, 10, 29);

-- --------------------------------------------------------

--
-- Table structure for table `fournisseur`
--

CREATE TABLE `fournisseur` (
  `id` int(10) UNSIGNED NOT NULL,
  `name` varchar(255) NOT NULL,
  `RC` varchar(255) NOT NULL,
  `NIF` varchar(255) NOT NULL,
  `AI` varchar(255) NOT NULL,
  `NIS` varchar(255) NOT NULL,
  `TEL` varchar(255) NOT NULL,
  `FAX` varchar(255) NOT NULL,
  `ADDRESS` varchar(255) NOT NULL,
  `EMAIL` varchar(255) NOT NULL
) ENGINE=InnoDB DEFAULT CHARSET=utf8mb4 COLLATE=utf8mb4_general_ci;

--
-- Dumping data for table `fournisseur`
--

INSERT INTO `fournisseur` (`id`, `name`, `RC`, `NIF`, `AI`, `NIS`, `TEL`, `FAX`, `ADDRESS`, `EMAIL`) VALUES
(5, 'Supplier A', 'RC123', 'NIF456', 'AI789', 'NIS012', '1234567890', '0987654321', '123 Street', '1234567890123456'),
(8, 'Supplier A', 'rc1234', 'nif-123', 'ai-123', 'nis-123', '1234567890', '0987654321', '123 Street, City', '0'),
(9, 'Supplier B', 'rc5678', 'nif-456', 'ai-456', 'nis-456', '2345678901', '8765432109', '456 Avenue, Town', '0'),
(10, 'Supplier C', 'rc91011', 'nif-789', 'ai-789', 'nis-789', '3456789012', '7654321098', '789 Boulevard, Village', '0'),
(11, 'Supplier D', 'rc1213', 'nif-012', 'ai-012', 'nis-012', '4567890123', '6543210987', '1011 Road, Hamlet', '0'),
(12, 'Supplier E', 'rc1415', 'nif-345', 'ai-345', 'nis-345', '5678901234', '5432109876', '1213 Lane, Metro', '0');

-- --------------------------------------------------------

--
-- Table structure for table `inventaire_item`
--

CREATE TABLE `inventaire_item` (
  `id` int(10) UNSIGNED NOT NULL,
  `id_article` int(10) UNSIGNED NOT NULL,
  `id_localisation` int(10) UNSIGNED NOT NULL,
  `user_id` int(10) UNSIGNED NOT NULL,
  `time` datetime DEFAULT NULL,
  `num_inventaire` varchar(255) DEFAULT NULL,
  `id_employer` int(10) UNSIGNED DEFAULT NULL,
  `status` varchar(255) DEFAULT 'active',
  `last_edited` datetime DEFAULT current_timestamp() ON UPDATE current_timestamp()
) ENGINE=InnoDB DEFAULT CHARSET=utf8mb4 COLLATE=utf8mb4_general_ci;

--
-- Dumping data for table `inventaire_item`
--

INSERT INTO `inventaire_item` (`id`, `id_article`, `id_localisation`, `user_id`, `time`, `num_inventaire`, `id_employer`, `status`, `last_edited`) VALUES
(6, 252, 8, 9, '2024-10-01 03:21:11', '45775454', 21, 'MOYEN', '2024-10-18 15:53:38'),
(8, 291, 8, 9, '2024-10-01 03:20:44', '554545455', 31, 'BON ETAT', '2024-10-18 15:53:38'),
(9, 240, 7, 9, '2024-10-01 03:21:16', '87547854', 29, 'MAUVAIS', '2024-10-18 15:53:38'),
(11, 240, 8, 9, '2024-10-25 00:00:00', '54754542', 28, 'MOYEN', '2024-10-18 15:53:38'),
(53, 300, 5, 9, '2024-10-18 15:56:32', 'INV-001', 1, 'BON ETAT', '2024-10-18 15:56:32'),
(54, 301, 7, 9, '2024-10-18 15:56:42', 'INV-002', 2, 'MOYEN', '2024-10-18 15:56:42'),
(55, 302, 8, 9, '2024-10-18 15:56:51', 'INV-003', 3, 'EN PANNE', '2024-10-18 15:56:51'),
(57, 304, 7, 9, '2024-10-18 15:56:56', 'INV-005', 5, 'VER ANNEXE-HARRACHE', '2024-10-18 15:56:56'),
(58, 305, 8, 9, '2024-10-18 15:57:04', 'INV-006', 1, 'MAUVAIS', '2024-10-18 15:57:04'),
(59, 306, 5, 1, '2024-01-07 14:00:00', 'INV-007', 2, 'inactive', '2024-10-18 15:53:38'),
(60, 307, 7, 4, '2024-01-08 15:00:00', 'INV-008', 3, 'active', '2024-10-18 15:53:38'),
(61, 308, 8, 1, '2024-01-09 16:00:00', 'INV-009', 4, 'active', '2024-10-18 15:53:38'),
(62, 309, 5, 4, '2024-01-10 17:00:00', 'INV-010', 5, 'inactive', '2024-10-18 15:53:38'),
(63, 310, 7, 1, '2024-01-11 18:00:00', 'INV-011', 1, 'active', '2024-10-18 15:53:38'),
(64, 311, 8, 4, '2024-01-12 19:00:00', 'INV-012', 2, 'inactive', '2024-10-18 15:53:38'),
(65, 312, 5, 1, '2024-01-13 20:00:00', 'INV-013', 3, 'active', '2024-10-18 15:53:38'),
(66, 313, 7, 4, '2024-01-14 21:00:00', 'INV-014', 4, 'active', '2024-10-18 15:53:38'),
(67, 314, 8, 1, '2024-01-15 22:00:00', 'INV-015', 5, 'inactive', '2024-10-18 15:53:38'),
(68, 315, 5, 4, '2024-01-16 23:00:00', 'INV-016', 1, 'active', '2024-10-18 15:53:38'),
(69, 316, 7, 1, '2024-01-17 08:00:00', 'INV-017', 2, 'inactive', '2024-10-18 15:53:38'),
(70, 317, 8, 4, '2024-01-18 09:00:00', 'INV-018', 3, 'active', '2024-10-18 15:53:38'),
(71, 318, 5, 1, '2024-01-19 10:00:00', 'INV-019', 4, 'active', '2024-10-18 15:53:38'),
(72, 319, 7, 4, '2024-01-20 11:00:00', 'INV-020', 5, 'inactive', '2024-10-18 15:53:38'),
(73, 320, 8, 1, '2024-01-21 12:00:00', 'INV-021', 1, 'active', '2024-10-18 15:53:38'),
(74, 321, 5, 4, '2024-01-22 13:00:00', 'INV-022', 2, 'active', '2024-10-18 15:53:38'),
(75, 322, 7, 1, '2024-01-23 14:00:00', 'INV-023', 3, 'inactive', '2024-10-18 15:53:38'),
(76, 323, 8, 4, '2024-01-24 15:00:00', 'INV-024', 4, 'active', '2024-10-18 15:53:38'),
(77, 324, 5, 1, '2024-01-25 16:00:00', 'INV-025', 5, 'active', '2024-10-18 15:53:38'),
(78, 325, 7, 4, '2024-01-26 17:00:00', 'INV-026', 1, 'inactive', '2024-10-18 15:53:38'),
(79, 326, 8, 1, '2024-01-27 18:00:00', 'INV-027', 2, 'active', '2024-10-18 15:53:38'),
(80, 327, 5, 4, '2024-01-28 19:00:00', 'INV-028', 3, 'active', '2024-10-18 15:53:38'),
(81, 328, 7, 1, '2024-01-29 20:00:00', 'INV-029', 4, 'inactive', '2024-10-18 15:53:38'),
(82, 329, 8, 4, '2024-01-30 21:00:00', 'INV-030', 5, 'active', '2024-10-18 15:53:38'),
(83, 330, 5, 1, '2024-01-31 22:00:00', 'INV-031', 1, 'active', '2024-10-18 15:53:38'),
(84, 331, 7, 4, '2024-02-01 23:00:00', 'INV-032', 2, 'inactive', '2024-10-18 15:53:38'),
(85, 332, 8, 1, '2024-02-02 08:00:00', 'INV-033', 3, 'active', '2024-10-18 15:53:38'),
(86, 333, 5, 4, '2024-02-03 09:00:00', 'INV-034', 4, 'inactive', '2024-10-18 15:53:38'),
(87, 334, 7, 1, '2024-02-04 10:00:00', 'INV-035', 5, 'active', '2024-10-18 15:53:38'),
(88, 335, 8, 4, '2024-02-05 11:00:00', 'INV-036', 1, 'inactive', '2024-10-18 15:53:38'),
(90, 337, 7, 4, '2024-02-07 13:00:00', 'INV-038', 3, 'active', '2024-10-18 15:53:38'),
(91, 338, 8, 9, '2024-10-02 05:44:19', 'INV-039', 4, 'VER ANNEXE-HARRACHE', '2024-10-18 15:53:38'),
(92, 339, 5, 9, '2024-10-02 05:42:57', 'INV-040', 5, 'MOYEN', '2024-10-18 15:53:38'),
(93, 258, 11, 9, '2024-10-25 00:00:00', '65265203', 2, 'BON ETAT', '2024-10-18 15:53:38'),
(94, 240, 8, 9, '2024-10-23 00:00:00', '854215', 28, 'MOYEN', '2024-10-18 15:53:38'),
(95, 732, 8, 9, '2024-10-31 00:00:00', '8520653', 3, 'MAUVAIS', '2024-10-18 15:53:38'),
(96, 259, 8, 9, '2024-10-18 00:00:00', '45217854', 2, 'MOYEN', '2024-10-18 15:53:38'),
(97, 256, 7, 9, '2024-10-18 00:00:00', '8562', 3, 'MOYEN', '2024-10-18 15:54:08'),
(98, 256, 8, 9, '2024-10-18 00:00:00', '542154', 2, 'MOYEN', '2024-10-18 15:58:31'),
(99, 256, 11, 9, '2024-10-20 10:06:06', '8754210', 24, 'MOYEN', '2024-10-20 10:06:06');

-- --------------------------------------------------------

--
-- Table structure for table `localisation`
--

CREATE TABLE `localisation` (
  `id` int(10) UNSIGNED NOT NULL,
  `loc_name` varchar(255) NOT NULL,
  `id_service` int(10) UNSIGNED DEFAULT NULL,
  `floor` int(11) DEFAULT NULL
) ENGINE=InnoDB DEFAULT CHARSET=utf8mb4 COLLATE=utf8mb4_general_ci;

--
-- Dumping data for table `localisation`
--

INSERT INTO `localisation` (`id`, `loc_name`, `id_service`, `floor`) VALUES
(5, 'الفندق', 1, 1),
(7, 'مكتب 1', 2, 4),
(8, 'المكتب الرئيسي', 1, 4),
(11, 'قاعة الاجتماعات', 3, 1);

-- --------------------------------------------------------

--
-- Table structure for table `service`
--

CREATE TABLE `service` (
  `id` int(10) UNSIGNED NOT NULL,
  `name` varchar(255) NOT NULL,
  `chef_service_id` int(10) UNSIGNED DEFAULT NULL
) ENGINE=InnoDB DEFAULT CHARSET=utf8mb4 COLLATE=utf8mb4_general_ci;

--
-- Dumping data for table `service`
--

INSERT INTO `service` (`id`, `name`, `chef_service_id`) VALUES
(1, 'الموارد البشرية', 13),
(2, 'المالية', 22),
(3, 'وسائل عامة ولاعلام الالي', 28);

-- --------------------------------------------------------

--
-- Table structure for table `sortie`
--

CREATE TABLE `sortie` (
  `id` int(10) UNSIGNED NOT NULL,
  `id_article` int(10) UNSIGNED NOT NULL,
  `quantity` int(11) NOT NULL,
  `id_bs` int(10) UNSIGNED NOT NULL
) ENGINE=InnoDB DEFAULT CHARSET=utf8mb4 COLLATE=utf8mb4_general_ci;

-- --------------------------------------------------------

--
-- Table structure for table `user`
--

CREATE TABLE `user` (
  `id` int(10) UNSIGNED NOT NULL,
  `username` varchar(255) NOT NULL,
  `password` varchar(255) NOT NULL,
  `role` varchar(255) NOT NULL
) ENGINE=InnoDB DEFAULT CHARSET=utf8mb4 COLLATE=utf8mb4_general_ci;

--
-- Dumping data for table `user`
--

INSERT INTO `user` (`id`, `username`, `password`, `role`) VALUES
(1, '', '', ''),
(2, 'user1', 'password1', 'Admin'),
(4, 'z', 'z', 'User'),
(5, 'e', 'e', 'Editor'),
(9, 'i', 'i', 'Admin'),
(10, 'A', 'A', 'Admin');

--
-- Indexes for dumped tables
--

--
-- Indexes for table `article`
--
ALTER TABLE `article`
  ADD PRIMARY KEY (`id`),
  ADD KEY `article_id_category_foreign` (`id_category`);

--
-- Indexes for table `bon_entree`
--
ALTER TABLE `bon_entree`
  ADD PRIMARY KEY (`id`),
  ADD KEY `bon_entree_id_fournisseur_index` (`id_fournisseur`);

--
-- Indexes for table `bon_sortie`
--
ALTER TABLE `bon_sortie`
  ADD PRIMARY KEY (`id`),
  ADD KEY `bon_sortie_id_employeur_index` (`id_employeur`),
  ADD KEY `bon_sortie_id_service_index` (`id_service`);

--
-- Indexes for table `category`
--
ALTER TABLE `category`
  ADD PRIMARY KEY (`id`);

--
-- Indexes for table `employeur`
--
ALTER TABLE `employeur`
  ADD PRIMARY KEY (`id`);

--
-- Indexes for table `entree`
--
ALTER TABLE `entree`
  ADD PRIMARY KEY (`id`),
  ADD KEY `entree_id_article_index` (`id_article`),
  ADD KEY `entree_bon_entree_relation` (`id_be`);

--
-- Indexes for table `fournisseur`
--
ALTER TABLE `fournisseur`
  ADD PRIMARY KEY (`id`);

--
-- Indexes for table `inventaire_item`
--
ALTER TABLE `inventaire_item`
  ADD PRIMARY KEY (`id`),
  ADD UNIQUE KEY `unique_num_inventaire` (`num_inventaire`),
  ADD KEY `inventaire_item_id_article_foreign` (`id_article`),
  ADD KEY `inventaire_item_id_localisation_foreign` (`id_localisation`),
  ADD KEY `inventaire_item_user_id_foreign` (`user_id`),
  ADD KEY `inventaire_item_id_employer_foreign` (`id_employer`);

--
-- Indexes for table `localisation`
--
ALTER TABLE `localisation`
  ADD PRIMARY KEY (`id`),
  ADD KEY `localisation_id_service_foreign` (`id_service`);

--
-- Indexes for table `service`
--
ALTER TABLE `service`
  ADD PRIMARY KEY (`id`),
  ADD KEY `chef_service_employer_relation` (`chef_service_id`);

--
-- Indexes for table `sortie`
--
ALTER TABLE `sortie`
  ADD PRIMARY KEY (`id`),
  ADD KEY `sortie_id_article_index` (`id_article`),
  ADD KEY `id_bs` (`id_bs`);

--
-- Indexes for table `user`
--
ALTER TABLE `user`
  ADD PRIMARY KEY (`id`);

--
-- AUTO_INCREMENT for dumped tables
--

--
-- AUTO_INCREMENT for table `article`
--
ALTER TABLE `article`
  MODIFY `id` int(10) UNSIGNED NOT NULL AUTO_INCREMENT, AUTO_INCREMENT=740;

--
-- AUTO_INCREMENT for table `bon_entree`
--
ALTER TABLE `bon_entree`
  MODIFY `id` int(10) UNSIGNED NOT NULL AUTO_INCREMENT, AUTO_INCREMENT=30;

--
-- AUTO_INCREMENT for table `bon_sortie`
--
ALTER TABLE `bon_sortie`
  MODIFY `id` int(10) UNSIGNED NOT NULL AUTO_INCREMENT, AUTO_INCREMENT=2;

--
-- AUTO_INCREMENT for table `category`
--
ALTER TABLE `category`
  MODIFY `id` int(10) UNSIGNED NOT NULL AUTO_INCREMENT, AUTO_INCREMENT=5;

--
-- AUTO_INCREMENT for table `employeur`
--
ALTER TABLE `employeur`
  MODIFY `id` int(10) UNSIGNED NOT NULL AUTO_INCREMENT, AUTO_INCREMENT=115;

--
-- AUTO_INCREMENT for table `entree`
--
ALTER TABLE `entree`
  MODIFY `id` int(10) UNSIGNED NOT NULL AUTO_INCREMENT, AUTO_INCREMENT=43;

--
-- AUTO_INCREMENT for table `fournisseur`
--
ALTER TABLE `fournisseur`
  MODIFY `id` int(10) UNSIGNED NOT NULL AUTO_INCREMENT, AUTO_INCREMENT=13;

--
-- AUTO_INCREMENT for table `inventaire_item`
--
ALTER TABLE `inventaire_item`
  MODIFY `id` int(10) UNSIGNED NOT NULL AUTO_INCREMENT, AUTO_INCREMENT=100;

--
-- AUTO_INCREMENT for table `localisation`
--
ALTER TABLE `localisation`
  MODIFY `id` int(10) UNSIGNED NOT NULL AUTO_INCREMENT, AUTO_INCREMENT=12;

--
-- AUTO_INCREMENT for table `service`
--
ALTER TABLE `service`
  MODIFY `id` int(10) UNSIGNED NOT NULL AUTO_INCREMENT, AUTO_INCREMENT=9;

--
-- AUTO_INCREMENT for table `sortie`
--
ALTER TABLE `sortie`
  MODIFY `id` int(10) UNSIGNED NOT NULL AUTO_INCREMENT, AUTO_INCREMENT=5;

--
-- AUTO_INCREMENT for table `user`
--
ALTER TABLE `user`
  MODIFY `id` int(10) UNSIGNED NOT NULL AUTO_INCREMENT, AUTO_INCREMENT=11;

--
-- Constraints for dumped tables
--

--
-- Constraints for table `article`
--
ALTER TABLE `article`
  ADD CONSTRAINT `article_id_category_foreign` FOREIGN KEY (`id_category`) REFERENCES `category` (`id`);

--
-- Constraints for table `bon_entree`
--
ALTER TABLE `bon_entree`
  ADD CONSTRAINT `fournisseur_bon_entree_relation` FOREIGN KEY (`id_fournisseur`) REFERENCES `fournisseur` (`id`);

--
-- Constraints for table `bon_sortie`
--
ALTER TABLE `bon_sortie`
  ADD CONSTRAINT `bon_sortie_employeur_relation` FOREIGN KEY (`id_employeur`) REFERENCES `employeur` (`id`) ON DELETE CASCADE ON UPDATE CASCADE,
  ADD CONSTRAINT `bon_sortie_service_relation` FOREIGN KEY (`id_service`) REFERENCES `service` (`id`) ON DELETE CASCADE ON UPDATE CASCADE;

--
-- Constraints for table `entree`
--
ALTER TABLE `entree`
  ADD CONSTRAINT `entree_article_relation` FOREIGN KEY (`id_article`) REFERENCES `article` (`id`) ON DELETE NO ACTION ON UPDATE CASCADE,
  ADD CONSTRAINT `entree_bon_entree_relation` FOREIGN KEY (`id_be`) REFERENCES `bon_entree` (`id`) ON DELETE CASCADE ON UPDATE CASCADE;

--
-- Constraints for table `inventaire_item`
--
ALTER TABLE `inventaire_item`
  ADD CONSTRAINT `inventaire_item_id_article_foreign` FOREIGN KEY (`id_article`) REFERENCES `article` (`id`),
  ADD CONSTRAINT `inventaire_item_id_employer_foreign` FOREIGN KEY (`id_employer`) REFERENCES `employeur` (`id`),
  ADD CONSTRAINT `inventaire_item_id_localisation_foreign` FOREIGN KEY (`id_localisation`) REFERENCES `localisation` (`id`),
  ADD CONSTRAINT `inventaire_item_user_id_foreign` FOREIGN KEY (`user_id`) REFERENCES `user` (`id`);

--
-- Constraints for table `localisation`
--
ALTER TABLE `localisation`
  ADD CONSTRAINT `localisation_id_service_foreign` FOREIGN KEY (`id_service`) REFERENCES `service` (`id`);

--
-- Constraints for table `service`
--
ALTER TABLE `service`
  ADD CONSTRAINT `chef_service_employer_relation` FOREIGN KEY (`chef_service_id`) REFERENCES `employeur` (`id`) ON DELETE SET NULL ON UPDATE CASCADE;

--
-- Constraints for table `sortie`
--
ALTER TABLE `sortie`
  ADD CONSTRAINT `sortie_article_relation` FOREIGN KEY (`id_article`) REFERENCES `article` (`id`) ON DELETE CASCADE ON UPDATE CASCADE,
  ADD CONSTRAINT `sortie_bon_sortie_relation` FOREIGN KEY (`id_bs`) REFERENCES `bon_sortie` (`id`) ON DELETE CASCADE ON UPDATE CASCADE;
COMMIT;

/*!40101 SET CHARACTER_SET_CLIENT=@OLD_CHARACTER_SET_CLIENT */;
/*!40101 SET CHARACTER_SET_RESULTS=@OLD_CHARACTER_SET_RESULTS */;
/*!40101 SET COLLATION_CONNECTION=@OLD_COLLATION_CONNECTION */;
